customer_id,customer_name,customer_tier,home_city,signup_date,is_active
C00001,Vikram_1,BRONZE,Mumbai,2025-03-26,Y
C00002,Rahul_2,SILVER,Ahmedabad,2023-03-01,Y
C00003,Arjun_3,SILVER,Kolkata,2025-07-23,Y
C00004,Neha_4,BRONZE,Chennai,2025-08-11,Y
C00005,Vikram_5,SILVER,Jaipur,2024-07-01,Y
C00006,Riya_6,BRONZE,Jaipur,2023-06-21,Y
C00007,Riya_7,SILVER,Ahmedabad,2024-02-09,Y
C00008,Neha_8,PLATINUM,Chennai,2025-11-01,Y
C00009,Karan_9,GOLD,Ahmedabad,2025-02-20,Y
C00010,Riya_10,BRONZE,Pune,2025-10-09,Y
C00011,Neha_11,BRONZE,Bangalore,2023-09-26,Y
C00012,Arjun_12,BRONZE,Bangalore,2023-03-02,Y
C00013,Amit_13,BRONZE,Delhi,2024-09-04,Y
C00014,Vikram_14,BRONZE,Delhi,2024-06-08,Y
C00015,Rahul_15,SILVER,Pune,2023-08-25,Y
C00016,Priya_16,BRONZE,Ahmedabad,2025-06-15,Y
C00017,Vikram_17,BRONZE,Jaipur,2025-04-12,Y
C00018,Neha_18,GOLD,Jaipur,2023-03-13,Y
C00019,Neha_19,SILVER,Noida,2024-04-03,Y
C00020,Riya_20,SILVER,Noida,2024-04-05,Y
C00021,Neha_21,BRONZE,Hyderabad,2023-11-20,Y
C00022,Priya_22,SILVER,Mumbai,2024-09-22,Y
C00023,Anuj_23,SILVER,Delhi,2023-02-26,Y
C00024,Rahul_24,GOLD,Delhi,2024-03-10,Y
C00025,Sneha_25,BRONZE,Mumbai,2023-04-19,Y
C00026,Sneha_26,BRONZE,Bangalore,2023-09-09,Y
C00027,Karan_27,GOLD,Bangalore,2023-03-24,Y
C00028,Vikram_28,BRONZE,Chennai,2025-03-15,Y
C00029,Anuj_29,BRONZE,Bangalore,2025-09-05,Y
C00030,Vikram_30,BRONZE,Delhi,2023-09-08,Y
C00031,Anuj_31,SILVER,Delhi,2023-11-01,Y
C00032,Arjun_32,BRONZE,Mumbai,2024-05-05,Y
C00033,Priya_33,BRONZE,Kolkata,2023-03-17,Y
C00034,Priya_34,SILVER,Delhi,2023-04-23,Y
C00035,Anuj_35,BRONZE,Hyderabad,2023-01-22,Y
C00036,Priya_36,BRONZE,Pune,2025-08-04,Y
C00037,Rahul_37,BRONZE,Pune,2025-09-15,Y
C00038,Arjun_38,BRONZE,Pune,2023-03-24,Y
C00039,Sneha_39,SILVER,Ahmedabad,2023-07-01,Y
C00040,Sneha_40,BRONZE,Chennai,2023-04-12,Y
C00041,Riya_41,BRONZE,Hyderabad,2024-10-06,Y
C00042,Vikram_42,BRONZE,Jaipur,2023-03-03,Y
C00043,Karan_43,BRONZE,Pune,2025-05-12,Y
C00044,Vikram_44,SILVER,Hyderabad,2025-12-14,Y
C00045,Riya_45,SILVER,Noida,2025-12-17,Y
C00046,Vikram_46,BRONZE,Bangalore,2024-07-26,Y
C00047,Priya_47,SILVER,Noida,2024-01-25,Y
C00048,Amit_48,BRONZE,Chennai,2023-06-05,Y
C00049,Sneha_49,SILVER,Kolkata,2024-03-08,Y
C00050,Amit_50,BRONZE,Noida,2024-10-27,Y
C00051,Rahul_51,SILVER,Hyderabad,2023-05-29,Y
C00052,Karan_52,PLATINUM,Kolkata,2024-04-27,Y
C00053,Sneha_53,SILVER,Kolkata,2024-03-19,Y
C00054,Priya_54,BRONZE,Pune,2025-07-22,Y
C00055,Karan_55,BRONZE,Hyderabad,2024-02-22,Y
C00056,Priya_56,GOLD,Pune,2025-04-24,Y
C00057,Neha_57,BRONZE,Noida,2026-02-02,Y
C00058,Riya_58,BRONZE,Ahmedabad,2023-02-20,Y
C00059,Amit_59,BRONZE,Mumbai,2024-10-27,Y
C00060,Arjun_60,BRONZE,Hyderabad,2025-07-03,Y
C00061,Riya_61,BRONZE,Kolkata,2024-10-05,Y
C00062,Amit_62,BRONZE,Bangalore,2024-05-14,Y
C00063,Amit_63,BRONZE,Mumbai,2026-01-02,Y
C00064,Sneha_64,SILVER,Mumbai,2023-11-12,Y
C00065,Riya_65,SILVER,Ahmedabad,2025-11-26,Y
C00066,Karan_66,SILVER,Delhi,2024-09-22,Y
C00067,Rahul_67,BRONZE,Noida,2024-08-30,Y
C00068,Anuj_68,BRONZE,Delhi,2023-02-02,Y
C00069,Rahul_69,BRONZE,Jaipur,2024-06-16,Y
C00070,Priya_70,BRONZE,Delhi,2023-12-07,Y
C00071,Neha_71,GOLD,Mumbai,2025-03-21,Y
C00072,Vikram_72,GOLD,Delhi,2024-06-19,Y
C00073,Priya_73,BRONZE,Bangalore,2024-05-28,Y
C00074,Amit_74,SILVER,Hyderabad,2025-09-30,Y
C00075,Priya_75,GOLD,Chennai,2024-01-06,Y
C00076,Amit_76,BRONZE,Ahmedabad,2023-06-02,Y
C00077,Neha_77,BRONZE,Noida,2023-07-31,Y
C00078,Amit_78,GOLD,Delhi,2025-02-08,Y
C00079,Amit_79,BRONZE,Delhi,2023-06-17,Y
C00080,Vikram_80,BRONZE,Mumbai,2024-03-22,Y
C00081,Riya_81,GOLD,Noida,2025-12-07,Y
C00082,Anuj_82,GOLD,Noida,2025-05-21,Y
C00083,Rahul_83,SILVER,Delhi,2025-11-05,Y
C00084,Anuj_84,BRONZE,Pune,2025-04-16,Y
C00085,Neha_85,GOLD,Bangalore,2024-02-29,Y
C00086,Anuj_86,BRONZE,Bangalore,2025-02-27,Y
C00087,Arjun_87,SILVER,Mumbai,2024-05-06,Y
C00088,Riya_88,BRONZE,Jaipur,2023-10-29,Y
C00089,Rahul_89,BRONZE,Pune,2024-02-10,Y
C00090,Amit_90,BRONZE,Pune,2023-05-27,Y
C00091,Amit_91,BRONZE,Chennai,2025-06-06,Y
C00092,Riya_92,GOLD,Jaipur,2024-07-08,Y
C00093,Vikram_93,BRONZE,Kolkata,2025-03-29,Y
C00094,Rahul_94,GOLD,Kolkata,2023-05-07,Y
C00095,Vikram_95,SILVER,Bangalore,2025-02-13,Y
C00096,Rahul_96,SILVER,Kolkata,2023-12-27,Y
C00097,Amit_97,BRONZE,Jaipur,2023-11-11,Y
C00098,Arjun_98,GOLD,Noida,2024-02-24,Y
C00099,Riya_99,BRONZE,Mumbai,2023-11-16,Y
C00100,Arjun_100,BRONZE,Bangalore,2023-10-08,Y
C00101,Anuj_101,GOLD,Noida,2024-09-10,Y
C00102,Anuj_102,BRONZE,Chennai,2023-04-07,Y
C00103,Rahul_103,SILVER,Noida,2024-08-24,Y
C00104,Rahul_104,BRONZE,Bangalore,2023-04-09,Y
C00105,Anuj_105,BRONZE,Jaipur,2023-02-21,Y
C00106,Rahul_106,BRONZE,Hyderabad,2023-10-30,Y
C00107,Priya_107,BRONZE,Pune,2023-04-16,Y
C00108,Vikram_108,BRONZE,Bangalore,2023-04-19,Y
C00109,Karan_109,SILVER,Noida,2025-03-19,Y
C00110,Riya_110,GOLD,Jaipur,2025-12-27,Y
C00111,Amit_111,SILVER,Kolkata,2023-10-15,Y
C00112,Neha_112,SILVER,Hyderabad,2025-12-22,Y
C00113,Vikram_113,BRONZE,Bangalore,2023-04-22,Y
C00114,Karan_114,SILVER,Pune,2025-07-09,Y
C00115,Neha_115,BRONZE,Bangalore,2023-07-12,Y
C00116,Arjun_116,BRONZE,Jaipur,2025-07-21,Y
C00117,Priya_117,SILVER,Hyderabad,2025-12-23,Y
C00118,Sneha_118,BRONZE,Delhi,2025-11-17,Y
C00119,Riya_119,SILVER,Chennai,2025-07-07,Y
C00120,Riya_120,BRONZE,Hyderabad,2024-11-27,Y
C00121,Amit_121,SILVER,Chennai,2024-07-04,Y
C00122,Riya_122,GOLD,Bangalore,2024-06-01,Y
C00123,Neha_123,SILVER,Hyderabad,2025-06-04,Y
C00124,Priya_124,BRONZE,Hyderabad,2024-01-14,Y
C00125,Priya_125,BRONZE,Jaipur,2024-06-27,Y
C00126,Vikram_126,GOLD,Ahmedabad,2024-01-05,Y
C00127,Anuj_127,SILVER,Pune,2025-03-23,Y
C00128,Arjun_128,SILVER,Ahmedabad,2024-01-17,Y
C00129,Vikram_129,SILVER,Jaipur,2023-11-15,Y
C00130,Amit_130,BRONZE,Hyderabad,2024-04-15,Y
C00131,Karan_131,SILVER,Pune,2025-09-25,Y
C00132,Rahul_132,BRONZE,Delhi,2023-10-02,Y
C00133,Priya_133,GOLD,Hyderabad,2025-09-15,Y
C00134,Rahul_134,SILVER,Noida,2023-07-13,Y
C00135,Anuj_135,BRONZE,Pune,2025-01-06,Y
C00136,Amit_136,GOLD,Kolkata,2024-06-21,Y
C00137,Amit_137,BRONZE,Hyderabad,2024-11-15,Y
C00138,Neha_138,GOLD,Noida,2023-07-25,Y
C00139,Sneha_139,BRONZE,Noida,2026-01-01,Y
C00140,Karan_140,BRONZE,Kolkata,2025-12-04,Y
C00141,Arjun_141,SILVER,Mumbai,2024-05-22,Y
C00142,Sneha_142,SILVER,Bangalore,2023-11-19,Y
C00143,Sneha_143,BRONZE,Bangalore,2024-01-30,Y
C00144,Riya_144,BRONZE,Hyderabad,2026-02-17,Y
C00145,Sneha_145,BRONZE,Ahmedabad,2024-08-17,Y
C00146,Arjun_146,BRONZE,Hyderabad,2024-09-10,Y
C00147,Karan_147,PLATINUM,Pune,2023-07-21,Y
C00148,Riya_148,BRONZE,Chennai,2024-05-04,Y
C00149,Karan_149,SILVER,Bangalore,2023-05-19,Y
C00150,Anuj_150,GOLD,Chennai,2024-12-11,Y
C00151,Karan_151,SILVER,Mumbai,2025-09-13,Y
C00152,Arjun_152,PLATINUM,Bangalore,2023-10-05,Y
C00153,Karan_153,SILVER,Kolkata,2025-08-19,Y
C00154,Arjun_154,SILVER,Hyderabad,2024-03-28,Y
C00155,Karan_155,BRONZE,Delhi,2024-07-15,Y
C00156,Karan_156,SILVER,Mumbai,2025-08-11,Y
C00157,Sneha_157,BRONZE,Delhi,2025-11-14,Y
C00158,Rahul_158,BRONZE,Pune,2024-03-01,Y
C00159,Arjun_159,BRONZE,Hyderabad,2024-03-17,Y
C00160,Sneha_160,BRONZE,Mumbai,2024-04-25,Y
C00161,Riya_161,SILVER,Noida,2025-03-15,Y
C00162,Amit_162,BRONZE,Hyderabad,2024-04-07,Y
C00163,Neha_163,GOLD,Mumbai,2025-06-19,Y
C00164,Anuj_164,SILVER,Jaipur,2025-12-17,Y
C00165,Neha_165,SILVER,Pune,2025-08-29,Y
C00166,Amit_166,BRONZE,Jaipur,2023-04-15,Y
C00167,Priya_167,BRONZE,Noida,2026-01-30,Y
C00168,Amit_168,SILVER,Hyderabad,2024-09-19,Y
C00169,Amit_169,BRONZE,Jaipur,2024-02-22,Y
C00170,Karan_170,BRONZE,Ahmedabad,2023-06-30,Y
C00171,Rahul_171,SILVER,Chennai,2025-02-10,Y
C00172,Rahul_172,SILVER,Mumbai,2024-06-17,Y
C00173,Neha_173,BRONZE,Mumbai,2025-10-31,Y
C00174,Anuj_174,BRONZE,Hyderabad,2024-03-04,Y
C00175,Sneha_175,GOLD,Chennai,2024-04-29,Y
C00176,Vikram_176,BRONZE,Pune,2024-09-11,Y
C00177,Anuj_177,SILVER,Hyderabad,2023-09-14,Y
C00178,Sneha_178,SILVER,Mumbai,2023-03-08,Y
C00179,Priya_179,BRONZE,Mumbai,2023-04-04,Y
C00180,Arjun_180,BRONZE,Pune,2024-09-26,Y
C00181,Karan_181,GOLD,Hyderabad,2024-03-10,Y
C00182,Karan_182,BRONZE,Delhi,2025-07-01,Y
C00183,Riya_183,GOLD,Hyderabad,2024-07-13,Y
C00184,Sneha_184,SILVER,Kolkata,2025-10-08,Y
C00185,Karan_185,PLATINUM,Bangalore,2025-10-02,Y
C00186,Neha_186,BRONZE,Kolkata,2026-02-25,Y
C00187,Vikram_187,GOLD,Noida,2023-09-27,Y
C00188,Riya_188,SILVER,Mumbai,2023-05-20,Y
C00189,Arjun_189,PLATINUM,Pune,2024-04-01,Y
C00190,Arjun_190,SILVER,Kolkata,2025-07-11,Y
C00191,Anuj_191,GOLD,Mumbai,2023-10-20,Y
C00192,Sneha_192,PLATINUM,Kolkata,2024-08-17,Y
C00193,Priya_193,PLATINUM,Pune,2025-10-18,Y
C00194,Anuj_194,GOLD,Jaipur,2025-12-30,Y
C00195,Rahul_195,BRONZE,Jaipur,2024-05-14,Y
C00196,Amit_196,BRONZE,Mumbai,2026-03-08,Y
C00197,Sneha_197,SILVER,Ahmedabad,2024-04-29,Y
C00198,Sneha_198,BRONZE,Chennai,2025-01-23,Y
C00199,Amit_199,SILVER,Hyderabad,2026-04-12,Y
C00200,Neha_200,GOLD,Bangalore,2024-06-18,Y
C00201,Sneha_201,BRONZE,Noida,2024-12-06,Y
C00202,Sneha_202,BRONZE,Ahmedabad,2024-05-07,Y
C00203,Priya_203,BRONZE,Hyderabad,2023-03-27,Y
C00204,Neha_204,BRONZE,Pune,2024-09-21,Y
C00205,Amit_205,SILVER,Ahmedabad,2024-05-07,Y
C00206,Arjun_206,GOLD,Chennai,2024-03-06,Y
C00207,Amit_207,SILVER,Pune,2025-08-13,Y
C00208,Priya_208,SILVER,Noida,2023-12-04,Y
C00209,Sneha_209,SILVER,Ahmedabad,2026-02-03,Y
C00210,Vikram_210,BRONZE,Mumbai,2025-08-17,Y
C00211,Arjun_211,BRONZE,Kolkata,2024-06-22,N
C00212,Rahul_212,BRONZE,Mumbai,2025-11-19,Y
C00213,Riya_213,BRONZE,Noida,2025-02-25,Y
C00214,Vikram_214,SILVER,Chennai,2024-06-01,Y
C00215,Priya_215,BRONZE,Chennai,2025-01-09,Y
C00216,Priya_216,SILVER,Kolkata,2024-03-19,Y
C00217,Rahul_217,SILVER,Bangalore,2024-06-01,Y
C00218,Riya_218,BRONZE,Jaipur,2023-08-06,Y
C00219,Karan_219,BRONZE,Hyderabad,2024-06-24,Y
C00220,Riya_220,GOLD,Chennai,2026-01-22,Y
C00221,Riya_221,SILVER,Hyderabad,2023-11-13,Y
C00222,Neha_222,SILVER,Jaipur,2023-02-25,Y
C00223,Neha_223,SILVER,Bangalore,2023-10-24,Y
C00224,Amit_224,BRONZE,Hyderabad,2025-11-20,Y
C00225,Amit_225,SILVER,Chennai,2024-01-29,Y
C00226,Arjun_226,SILVER,Pune,2024-05-15,Y
C00227,Vikram_227,BRONZE,Bangalore,2023-02-13,Y
C00228,Riya_228,BRONZE,Bangalore,2024-06-09,Y
C00229,Rahul_229,GOLD,Jaipur,2026-01-27,Y
C00230,Rahul_230,SILVER,Noida,2024-10-30,Y
C00231,Amit_231,SILVER,Noida,2025-03-23,Y
C00232,Karan_232,BRONZE,Ahmedabad,2024-09-15,Y
C00233,Anuj_233,SILVER,Mumbai,2023-04-13,Y
C00234,Anuj_234,BRONZE,Hyderabad,2025-06-14,Y
C00235,Anuj_235,BRONZE,Kolkata,2024-11-30,Y
C00236,Amit_236,GOLD,Pune,2023-04-22,Y
C00237,Amit_237,GOLD,Jaipur,2025-09-15,Y
C00238,Anuj_238,SILVER,Mumbai,2023-02-18,Y
C00239,Sneha_239,BRONZE,Jaipur,2023-10-03,Y
C00240,Karan_240,BRONZE,Hyderabad,2023-10-04,Y
C00241,Karan_241,BRONZE,Kolkata,2023-08-31,Y
C00242,Anuj_242,BRONZE,Mumbai,2024-12-17,Y
C00243,Karan_243,BRONZE,Delhi,2024-11-04,Y
C00244,Riya_244,GOLD,Jaipur,2024-04-30,Y
C00245,Sneha_245,BRONZE,Jaipur,2024-09-05,Y
C00246,Amit_246,BRONZE,Ahmedabad,2024-11-29,Y
C00247,Amit_247,BRONZE,Mumbai,2023-07-20,Y
C00248,Neha_248,GOLD,Bangalore,2023-01-08,Y
C00249,Priya_249,BRONZE,Pune,2023-11-19,Y
C00250,Anuj_250,SILVER,Mumbai,2023-11-25,Y
C00251,Rahul_251,SILVER,Delhi,2023-08-13,Y
C00252,Priya_252,BRONZE,Noida,2023-01-10,Y
C00253,Rahul_253,SILVER,Bangalore,2024-06-22,Y
C00254,Vikram_254,BRONZE,Delhi,2025-05-23,Y
C00255,Amit_255,BRONZE,Pune,2023-11-02,Y
C00256,Priya_256,BRONZE,Chennai,2024-09-25,Y
C00257,Karan_257,SILVER,Jaipur,2024-04-08,Y
C00258,Neha_258,BRONZE,Pune,2024-09-27,Y
C00259,Neha_259,BRONZE,Mumbai,2026-03-12,Y
C00260,Karan_260,BRONZE,Hyderabad,2025-01-18,Y
C00261,Rahul_261,SILVER,Pune,2023-07-14,Y
C00262,Amit_262,BRONZE,Ahmedabad,2023-06-18,Y
C00263,Vikram_263,GOLD,Pune,2023-02-08,Y
C00264,Rahul_264,BRONZE,Bangalore,2026-03-12,Y
C00265,Amit_265,SILVER,Kolkata,2023-05-03,Y
C00266,Karan_266,SILVER,Hyderabad,2023-01-12,Y
C00267,Karan_267,BRONZE,Delhi,2023-02-07,Y
C00268,Rahul_268,SILVER,Bangalore,2025-02-11,Y
C00269,Riya_269,SILVER,Pune,2025-01-21,Y
C00270,Vikram_270,SILVER,Jaipur,2023-07-25,Y
C00271,Karan_271,GOLD,Kolkata,2025-07-13,Y
C00272,Karan_272,GOLD,Noida,2025-03-29,Y
C00273,Rahul_273,BRONZE,Chennai,2024-03-05,Y
C00274,Riya_274,SILVER,Chennai,2024-12-19,Y
C00275,Anuj_275,SILVER,Mumbai,2025-08-12,Y
C00276,Amit_276,SILVER,Ahmedabad,2025-12-24,Y
C00277,Arjun_277,SILVER,Delhi,2025-02-10,Y
C00278,Priya_278,GOLD,Hyderabad,2024-04-14,Y
C00279,Neha_279,BRONZE,Delhi,2023-06-08,Y
C00280,Anuj_280,BRONZE,Hyderabad,2025-04-09,Y
C00281,Neha_281,BRONZE,Kolkata,2025-01-29,Y
C00282,Vikram_282,GOLD,Noida,2023-06-06,Y
C00283,Sneha_283,SILVER,Bangalore,2025-10-19,Y
C00284,Amit_284,BRONZE,Jaipur,2024-02-01,Y
C00285,Amit_285,GOLD,Delhi,2026-01-26,Y
C00286,Neha_286,BRONZE,Pune,2024-02-24,Y
C00287,Sneha_287,GOLD,Chennai,2024-04-17,Y
C00288,Riya_288,BRONZE,Bangalore,2025-05-22,Y
C00289,Neha_289,BRONZE,Chennai,2023-03-07,Y
C00290,Riya_290,BRONZE,Jaipur,2025-10-08,Y
C00291,Karan_291,BRONZE,Noida,2023-06-26,Y
C00292,Arjun_292,SILVER,Noida,2025-06-22,Y
C00293,Arjun_293,BRONZE,Chennai,2024-06-09,Y
C00294,Neha_294,BRONZE,Pune,2024-12-25,Y
C00295,Neha_295,SILVER,Pune,2025-02-26,Y
C00296,Karan_296,GOLD,Bangalore,2024-12-27,Y
C00297,Priya_297,SILVER,Noida,2025-07-29,Y
C00298,Amit_298,SILVER,Chennai,2024-02-18,Y
C00299,Priya_299,SILVER,Delhi,2025-04-25,Y
C00300,Vikram_300,BRONZE,Delhi,2023-04-26,Y
C00301,Priya_301,GOLD,Chennai,2024-05-29,Y
C00302,Rahul_302,BRONZE,Ahmedabad,2024-03-18,Y
C00303,Arjun_303,BRONZE,Hyderabad,2023-11-15,Y
C00304,Anuj_304,BRONZE,Chennai,2025-01-27,Y
C00305,Arjun_305,BRONZE,Bangalore,2023-09-09,Y
C00306,Anuj_306,GOLD,Pune,2024-02-06,Y
C00307,Priya_307,SILVER,Chennai,2025-03-11,Y
C00308,Arjun_308,GOLD,Bangalore,2026-02-21,Y
C00309,Priya_309,GOLD,Jaipur,2023-05-11,Y
C00310,Anuj_310,GOLD,Noida,2025-01-14,Y
C00311,Arjun_311,GOLD,Bangalore,2024-02-03,Y
C00312,Priya_312,SILVER,Chennai,2024-01-06,Y
C00313,Amit_313,BRONZE,Kolkata,2023-10-15,Y
C00314,Riya_314,PLATINUM,Chennai,2025-01-05,Y
C00315,Rahul_315,SILVER,Jaipur,2024-03-12,Y
C00316,Priya_316,BRONZE,Pune,2023-07-27,Y
C00317,Vikram_317,SILVER,Delhi,2026-03-31,Y
C00318,Vikram_318,BRONZE,Delhi,2025-07-15,Y
C00319,Sneha_319,SILVER,Bangalore,2026-03-10,Y
C00320,Riya_320,BRONZE,Bangalore,2026-03-18,Y
C00321,Arjun_321,BRONZE,Pune,2025-12-02,Y
C00322,Anuj_322,BRONZE,Ahmedabad,2024-10-04,Y
C00323,Neha_323,BRONZE,Kolkata,2024-02-13,Y
C00324,Riya_324,BRONZE,Bangalore,2025-02-04,Y
C00325,Rahul_325,GOLD,Delhi,2025-03-05,Y
C00326,Neha_326,BRONZE,Kolkata,2026-04-11,Y
C00327,Arjun_327,SILVER,Ahmedabad,2023-08-05,Y
C00328,Amit_328,SILVER,Mumbai,2025-11-22,Y
C00329,Riya_329,GOLD,Hyderabad,2023-02-20,Y
C00330,Arjun_330,SILVER,Hyderabad,2025-06-22,Y
C00331,Sneha_331,BRONZE,Ahmedabad,2023-12-26,Y
C00332,Arjun_332,BRONZE,Hyderabad,2025-11-22,Y
C00333,Sneha_333,SILVER,Chennai,2025-11-24,Y
C00334,Anuj_334,BRONZE,Delhi,2026-03-26,Y
C00335,Neha_335,SILVER,Pune,2024-01-31,Y
C00336,Anuj_336,SILVER,Delhi,2024-10-03,Y
C00337,Vikram_337,GOLD,Jaipur,2025-06-27,Y
C00338,Vikram_338,BRONZE,Hyderabad,2023-04-08,Y
C00339,Priya_339,BRONZE,Noida,2025-10-09,Y
C00340,Rahul_340,SILVER,Mumbai,2023-11-07,Y
C00341,Neha_341,BRONZE,Kolkata,2024-11-08,Y
C00342,Amit_342,GOLD,Mumbai,2026-02-05,Y
C00343,Vikram_343,SILVER,Noida,2025-06-10,Y
C00344,Arjun_344,SILVER,Delhi,2023-01-20,Y
C00345,Sneha_345,GOLD,Pune,2024-12-07,Y
C00346,Arjun_346,GOLD,Pune,2024-09-03,Y
C00347,Neha_347,SILVER,Pune,2025-08-25,Y
C00348,Anuj_348,SILVER,Ahmedabad,2024-01-14,Y
C00349,Rahul_349,BRONZE,Mumbai,2023-11-01,Y
C00350,Arjun_350,SILVER,Hyderabad,2023-06-20,Y
C00351,Anuj_351,BRONZE,Delhi,2025-01-15,Y
C00352,Karan_352,PLATINUM,Chennai,2026-02-19,Y
C00353,Arjun_353,BRONZE,Chennai,2025-09-27,Y
C00354,Sneha_354,BRONZE,Hyderabad,2025-03-08,Y
C00355,Neha_355,BRONZE,Mumbai,2024-02-16,Y
C00356,Riya_356,SILVER,Pune,2024-06-22,Y
C00357,Arjun_357,SILVER,Bangalore,2023-12-04,Y
C00358,Neha_358,BRONZE,Chennai,2024-05-03,Y
C00359,Anuj_359,GOLD,Jaipur,2024-04-03,Y
C00360,Sneha_360,BRONZE,Bangalore,2023-05-17,Y
C00361,Priya_361,PLATINUM,Bangalore,2025-05-25,Y
C00362,Vikram_362,GOLD,Ahmedabad,2025-04-25,Y
C00363,Karan_363,SILVER,Delhi,2025-03-31,Y
C00364,Riya_364,BRONZE,Delhi,2024-05-07,Y
C00365,Rahul_365,GOLD,Jaipur,2024-04-17,Y
C00366,Sneha_366,SILVER,Hyderabad,2024-09-01,Y
C00367,Sneha_367,BRONZE,Kolkata,2025-04-03,Y
C00368,Priya_368,PLATINUM,Jaipur,2023-06-12,Y
C00369,Riya_369,BRONZE,Jaipur,2026-03-29,Y
C00370,Rahul_370,GOLD,Ahmedabad,2024-04-11,Y
C00371,Rahul_371,PLATINUM,Delhi,2024-09-14,Y
C00372,Riya_372,GOLD,Kolkata,2025-01-01,Y
C00373,Sneha_373,SILVER,Delhi,2024-09-05,Y
C00374,Neha_374,BRONZE,Delhi,2024-03-14,Y
C00375,Priya_375,BRONZE,Ahmedabad,2026-04-13,Y
C00376,Anuj_376,GOLD,Bangalore,2024-12-01,Y
C00377,Neha_377,SILVER,Chennai,2026-02-15,Y
C00378,Rahul_378,SILVER,Pune,2025-08-22,Y
C00379,Riya_379,SILVER,Noida,2025-12-29,Y
C00380,Amit_380,PLATINUM,Delhi,2023-04-30,Y
C00381,Rahul_381,PLATINUM,Hyderabad,2024-03-27,Y
C00382,Karan_382,SILVER,Pune,2026-01-07,Y
C00383,Neha_383,SILVER,Delhi,2023-02-21,Y
C00384,Riya_384,BRONZE,Delhi,2024-01-11,Y
C00385,Arjun_385,BRONZE,Hyderabad,2023-09-07,Y
C00386,Anuj_386,SILVER,Delhi,2026-03-18,Y
C00387,Riya_387,GOLD,Kolkata,2024-04-08,Y
C00388,Anuj_388,GOLD,Jaipur,2023-12-11,Y
C00389,Anuj_389,BRONZE,Chennai,2025-09-05,Y
C00390,Sneha_390,PLATINUM,Ahmedabad,2023-01-24,Y
C00391,Rahul_391,SILVER,Hyderabad,2023-02-23,Y
C00392,Arjun_392,SILVER,Mumbai,2025-08-14,Y
C00393,Neha_393,GOLD,Delhi,2023-08-07,Y
C00394,Rahul_394,GOLD,Hyderabad,2025-02-23,Y
C00395,Priya_395,BRONZE,Mumbai,2023-05-27,Y
C00396,Priya_396,BRONZE,Hyderabad,2024-05-27,Y
C00397,Neha_397,GOLD,Ahmedabad,2023-04-08,Y
C00398,Sneha_398,GOLD,Hyderabad,2025-02-14,Y
C00399,Riya_399,SILVER,Hyderabad,2024-01-29,Y
C00400,Sneha_400,SILVER,Kolkata,2023-05-22,Y
C00401,Priya_401,GOLD,Chennai,2023-09-04,Y
C00402,Priya_402,GOLD,Chennai,2023-02-01,Y
C00403,Anuj_403,BRONZE,Bangalore,2025-01-19,Y
C00404,Karan_404,SILVER,Jaipur,2023-02-21,Y
C00405,Sneha_405,SILVER,Bangalore,2024-12-19,Y
C00406,Priya_406,BRONZE,Chennai,2023-09-04,Y
C00407,Anuj_407,GOLD,Hyderabad,2023-06-26,Y
C00408,Arjun_408,BRONZE,Pune,2023-08-06,Y
C00409,Vikram_409,GOLD,Noida,2024-01-20,Y
C00410,Sneha_410,SILVER,Mumbai,2025-03-02,Y
C00411,Priya_411,BRONZE,Delhi,2023-08-03,Y
C00412,Priya_412,GOLD,Hyderabad,2023-03-20,Y
C00413,Neha_413,BRONZE,Delhi,2023-06-27,Y
C00414,Arjun_414,SILVER,Hyderabad,2025-05-04,Y
C00415,Rahul_415,BRONZE,Mumbai,2024-01-13,Y
C00416,Karan_416,SILVER,Hyderabad,2025-06-21,Y
C00417,Neha_417,SILVER,Hyderabad,2023-04-16,Y
C00418,Riya_418,BRONZE,Jaipur,2025-11-20,Y
C00419,Priya_419,BRONZE,Ahmedabad,2024-09-12,Y
C00420,Neha_420,PLATINUM,Ahmedabad,2025-09-10,Y
C00421,Vikram_421,BRONZE,Chennai,2024-07-16,Y
C00422,Anuj_422,GOLD,Chennai,2024-02-13,N
C00423,Karan_423,BRONZE,Jaipur,2023-04-11,Y
C00424,Arjun_424,BRONZE,Ahmedabad,2023-11-23,Y
C00425,Arjun_425,BRONZE,Pune,2024-07-05,Y
C00426,Priya_426,SILVER,Bangalore,2023-04-25,Y
C00427,Arjun_427,SILVER,Pune,2024-07-05,Y
C00428,Anuj_428,GOLD,Delhi,2025-10-31,Y
C00429,Neha_429,SILVER,Hyderabad,2023-04-26,Y
C00430,Arjun_430,BRONZE,Mumbai,2026-03-17,Y
C00431,Rahul_431,SILVER,Noida,2023-10-11,Y
C00432,Vikram_432,BRONZE,Pune,2023-04-03,Y
C00433,Sneha_433,SILVER,Jaipur,2024-06-14,Y
C00434,Rahul_434,PLATINUM,Jaipur,2023-07-19,Y
C00435,Anuj_435,GOLD,Noida,2026-03-07,Y
C00436,Neha_436,BRONZE,Bangalore,2025-03-24,Y
C00437,Arjun_437,SILVER,Noida,2024-08-05,Y
C00438,Amit_438,BRONZE,Pune,2023-07-28,Y
C00439,Rahul_439,GOLD,Jaipur,2023-05-31,Y
C00440,Riya_440,BRONZE,Chennai,2024-07-06,Y
C00441,Riya_441,SILVER,Hyderabad,2024-12-23,Y
C00442,Sneha_442,GOLD,Kolkata,2023-04-03,Y
C00443,Karan_443,BRONZE,Delhi,2025-07-17,Y
C00444,Karan_444,GOLD,Kolkata,2024-07-30,Y
C00445,Rahul_445,SILVER,Bangalore,2025-07-01,Y
C00446,Priya_446,GOLD,Noida,2023-04-26,Y
C00447,Rahul_447,BRONZE,Pune,2023-08-31,Y
C00448,Neha_448,SILVER,Mumbai,2025-12-31,Y
C00449,Vikram_449,BRONZE,Pune,2025-07-31,Y
C00450,Rahul_450,BRONZE,Pune,2025-11-29,Y
C00451,Priya_451,SILVER,Jaipur,2025-11-11,Y
C00452,Arjun_452,BRONZE,Hyderabad,2024-10-25,Y
C00453,Riya_453,GOLD,Noida,2023-10-03,Y
C00454,Vikram_454,SILVER,Mumbai,2024-08-14,Y
C00455,Riya_455,BRONZE,Noida,2024-02-21,Y
C00456,Rahul_456,BRONZE,Pune,2024-01-25,Y
C00457,Rahul_457,SILVER,Delhi,2024-03-01,Y
C00458,Anuj_458,GOLD,Chennai,2025-08-19,Y
C00459,Anuj_459,BRONZE,Mumbai,2026-03-24,Y
C00460,Riya_460,BRONZE,Noida,2023-04-07,Y
C00461,Riya_461,SILVER,Noida,2026-03-20,Y
C00462,Amit_462,SILVER,Delhi,2024-02-08,Y
C00463,Vikram_463,SILVER,Hyderabad,2024-04-16,Y
C00464,Sneha_464,BRONZE,Jaipur,2024-12-16,Y
C00465,Arjun_465,BRONZE,Chennai,2026-03-01,Y
C00466,Karan_466,BRONZE,Ahmedabad,2023-01-01,Y
C00467,Sneha_467,SILVER,Chennai,2025-02-03,Y
C00468,Karan_468,PLATINUM,Ahmedabad,2025-12-09,Y
C00469,Riya_469,GOLD,Delhi,2025-03-28,Y
C00470,Karan_470,SILVER,Jaipur,2023-03-07,Y
C00471,Amit_471,BRONZE,Ahmedabad,2025-09-17,Y
C00472,Amit_472,BRONZE,Noida,2025-03-26,Y
C00473,Sneha_473,SILVER,Kolkata,2025-11-28,Y
C00474,Karan_474,BRONZE,Chennai,2023-07-27,Y
C00475,Amit_475,GOLD,Chennai,2023-09-22,Y
C00476,Neha_476,SILVER,Ahmedabad,2025-08-10,Y
C00477,Karan_477,SILVER,Chennai,2025-03-24,Y
C00478,Priya_478,GOLD,Delhi,2023-11-03,Y
C00479,Rahul_479,SILVER,Pune,2025-05-11,Y
C00480,Karan_480,GOLD,Pune,2025-06-30,Y
C00481,Arjun_481,BRONZE,Ahmedabad,2025-07-26,Y
C00482,Amit_482,GOLD,Kolkata,2025-03-11,Y
C00483,Priya_483,GOLD,Bangalore,2025-06-30,Y
C00484,Sneha_484,BRONZE,Kolkata,2025-07-30,Y
C00485,Sneha_485,BRONZE,Bangalore,2024-03-27,Y
C00486,Karan_486,BRONZE,Hyderabad,2025-11-06,Y
C00487,Rahul_487,SILVER,Ahmedabad,2023-10-17,Y
C00488,Anuj_488,SILVER,Chennai,2024-12-12,Y
C00489,Rahul_489,BRONZE,Jaipur,2024-11-10,Y
C00490,Amit_490,SILVER,Kolkata,2025-09-17,Y
C00491,Rahul_491,BRONZE,Noida,2023-01-01,Y
C00492,Karan_492,BRONZE,Delhi,2025-10-27,Y
C00493,Amit_493,GOLD,Mumbai,2024-05-30,Y
C00494,Neha_494,GOLD,Delhi,2025-08-26,Y
C00495,Sneha_495,SILVER,Kolkata,2025-01-22,Y
C00496,Anuj_496,GOLD,Delhi,2023-08-04,Y
C00497,Vikram_497,BRONZE,Ahmedabad,2024-06-02,Y
C00498,Neha_498,GOLD,Ahmedabad,2025-06-15,Y
C00499,Arjun_499,GOLD,Pune,2026-01-28,Y
C00500,Sneha_500,BRONZE,Chennai,2025-05-05,Y
C00501,Rahul_501,SILVER,Noida,2026-02-12,Y
C00502,Priya_502,PLATINUM,Ahmedabad,2023-11-10,Y
C00503,Riya_503,SILVER,Ahmedabad,2025-04-13,Y
C00504,Riya_504,BRONZE,Hyderabad,2024-02-03,Y
C00505,Rahul_505,BRONZE,Ahmedabad,2024-08-08,Y
C00506,Priya_506,BRONZE,Noida,2025-10-28,Y
C00507,Amit_507,SILVER,Ahmedabad,2024-12-02,Y
C00508,Priya_508,BRONZE,Jaipur,2023-01-28,Y
C00509,Anuj_509,BRONZE,Chennai,2023-12-17,Y
C00510,Rahul_510,BRONZE,Kolkata,2024-05-31,Y
C00511,Priya_511,GOLD,Jaipur,2025-11-02,Y
C00512,Karan_512,BRONZE,Kolkata,2023-03-16,Y
C00513,Arjun_513,BRONZE,Chennai,2024-07-09,Y
C00514,Riya_514,GOLD,Noida,2023-03-12,Y
C00515,Vikram_515,BRONZE,Delhi,2025-12-25,Y
C00516,Sneha_516,BRONZE,Chennai,2025-12-07,Y
C00517,Priya_517,GOLD,Mumbai,2026-02-17,Y
C00518,Priya_518,BRONZE,Mumbai,2024-04-03,Y
C00519,Arjun_519,SILVER,Ahmedabad,2026-02-20,Y
C00520,Anuj_520,BRONZE,Bangalore,2025-05-10,Y
C00521,Arjun_521,BRONZE,Kolkata,2026-02-24,Y
C00522,Vikram_522,SILVER,Chennai,2024-09-22,Y
C00523,Sneha_523,PLATINUM,Delhi,2024-09-14,Y
C00524,Priya_524,GOLD,Chennai,2023-09-07,Y
C00525,Sneha_525,BRONZE,Delhi,2026-01-09,Y
C00526,Sneha_526,SILVER,Ahmedabad,2024-03-04,Y
C00527,Neha_527,PLATINUM,Noida,2023-02-02,Y
C00528,Anuj_528,BRONZE,Mumbai,2023-10-26,Y
C00529,Vikram_529,GOLD,Mumbai,2024-12-23,Y
C00530,Neha_530,SILVER,Chennai,2025-07-22,Y
C00531,Anuj_531,BRONZE,Bangalore,2024-10-02,Y
C00532,Anuj_532,SILVER,Ahmedabad,2024-09-11,Y
C00533,Arjun_533,BRONZE,Chennai,2025-04-18,Y
C00534,Sneha_534,BRONZE,Pune,2023-01-17,Y
C00535,Vikram_535,BRONZE,Noida,2023-03-20,Y
C00536,Vikram_536,GOLD,Jaipur,2023-02-23,Y
C00537,Anuj_537,BRONZE,Bangalore,2024-09-07,Y
C00538,Rahul_538,GOLD,Mumbai,2025-09-25,Y
C00539,Rahul_539,GOLD,Jaipur,2025-04-10,Y
C00540,Vikram_540,BRONZE,Kolkata,2023-07-26,Y
C00541,Arjun_541,SILVER,Jaipur,2023-05-23,Y
C00542,Neha_542,GOLD,Ahmedabad,2023-07-15,Y
C00543,Arjun_543,BRONZE,Jaipur,2025-10-02,Y
C00544,Arjun_544,GOLD,Noida,2023-02-23,Y
C00545,Amit_545,BRONZE,Delhi,2023-05-16,Y
C00546,Priya_546,GOLD,Chennai,2023-06-16,Y
C00547,Anuj_547,SILVER,Delhi,2023-01-03,Y
C00548,Riya_548,BRONZE,Chennai,2023-07-11,Y
C00549,Neha_549,SILVER,Chennai,2025-07-14,Y
C00550,Priya_550,GOLD,Ahmedabad,2023-11-27,Y
C00551,Amit_551,GOLD,Delhi,2026-01-24,Y
C00552,Sneha_552,BRONZE,Hyderabad,2024-11-14,Y
C00553,Rahul_553,GOLD,Jaipur,2023-10-14,Y
C00554,Riya_554,BRONZE,Mumbai,2024-09-10,Y
C00555,Arjun_555,BRONZE,Ahmedabad,2025-11-23,Y
C00556,Sneha_556,BRONZE,Kolkata,2026-03-08,Y
C00557,Vikram_557,GOLD,Mumbai,2025-06-19,Y
C00558,Priya_558,SILVER,Hyderabad,2024-03-06,Y
C00559,Priya_559,BRONZE,Kolkata,2025-05-04,Y
C00560,Sneha_560,BRONZE,Kolkata,2024-12-01,Y
C00561,Neha_561,BRONZE,Chennai,2023-10-22,Y
C00562,Anuj_562,SILVER,Hyderabad,2024-02-25,Y
C00563,Anuj_563,BRONZE,Bangalore,2024-08-30,Y
C00564,Amit_564,SILVER,Pune,2024-03-21,Y
C00565,Priya_565,SILVER,Jaipur,2023-12-12,Y
C00566,Arjun_566,SILVER,Bangalore,2023-12-17,Y
C00567,Riya_567,BRONZE,Kolkata,2023-06-10,Y
C00568,Vikram_568,GOLD,Chennai,2025-06-05,Y
C00569,Vikram_569,SILVER,Jaipur,2024-08-12,Y
C00570,Rahul_570,BRONZE,Ahmedabad,2026-03-13,Y
C00571,Neha_571,BRONZE,Chennai,2025-04-18,Y
C00572,Riya_572,BRONZE,Jaipur,2024-05-16,Y
C00573,Anuj_573,BRONZE,Kolkata,2024-06-19,Y
C00574,Vikram_574,BRONZE,Delhi,2025-05-13,Y
C00575,Arjun_575,BRONZE,Delhi,2023-07-06,Y
C00576,Karan_576,GOLD,Jaipur,2024-11-05,Y
C00577,Sneha_577,SILVER,Ahmedabad,2025-01-04,Y
C00578,Riya_578,PLATINUM,Bangalore,2023-03-04,Y
C00579,Amit_579,GOLD,Pune,2025-09-08,Y
C00580,Riya_580,PLATINUM,Kolkata,2024-10-19,Y
C00581,Neha_581,PLATINUM,Pune,2024-07-11,Y
C00582,Neha_582,SILVER,Bangalore,2026-04-11,Y
C00583,Neha_583,PLATINUM,Chennai,2023-02-22,Y
C00584,Arjun_584,SILVER,Ahmedabad,2023-07-16,Y
C00585,Anuj_585,SILVER,Bangalore,2023-06-30,Y
C00586,Karan_586,BRONZE,Hyderabad,2024-06-28,Y
C00587,Neha_587,GOLD,Ahmedabad,2025-05-29,Y
C00588,Amit_588,SILVER,Pune,2023-07-21,Y
C00589,Sneha_589,SILVER,Bangalore,2024-06-06,Y
C00590,Sneha_590,GOLD,Mumbai,2024-02-13,Y
C00591,Priya_591,BRONZE,Jaipur,2025-11-21,Y
C00592,Sneha_592,BRONZE,Bangalore,2024-05-22,Y
C00593,Sneha_593,SILVER,Delhi,2025-06-17,Y
C00594,Arjun_594,SILVER,Chennai,2024-03-28,Y
C00595,Arjun_595,BRONZE,Mumbai,2024-08-13,Y
C00596,Vikram_596,GOLD,Pune,2025-01-16,Y
C00597,Karan_597,SILVER,Jaipur,2023-04-27,Y
C00598,Amit_598,SILVER,Delhi,2025-03-14,Y
C00599,Priya_599,SILVER,Kolkata,2024-06-09,Y
C00600,Amit_600,SILVER,Pune,2023-10-07,Y
C00601,Neha_601,BRONZE,Ahmedabad,2024-10-15,Y
C00602,Riya_602,SILVER,Pune,2024-11-24,Y
C00603,Riya_603,BRONZE,Chennai,2024-06-17,Y
C00604,Priya_604,GOLD,Bangalore,2025-04-22,Y
C00605,Anuj_605,SILVER,Delhi,2025-09-29,Y
C00606,Rahul_606,SILVER,Pune,2026-01-22,Y
C00607,Vikram_607,SILVER,Noida,2023-08-18,Y
C00608,Sneha_608,GOLD,Jaipur,2025-05-18,Y
C00609,Karan_609,BRONZE,Noida,2025-09-25,Y
C00610,Rahul_610,PLATINUM,Pune,2026-02-03,Y
C00611,Arjun_611,GOLD,Noida,2023-01-18,Y
C00612,Anuj_612,SILVER,Delhi,2023-07-17,Y
C00613,Arjun_613,BRONZE,Bangalore,2025-01-11,Y
C00614,Riya_614,BRONZE,Mumbai,2024-07-22,Y
C00615,Vikram_615,SILVER,Chennai,2024-05-03,Y
C00616,Neha_616,GOLD,Noida,2024-12-25,Y
C00617,Sneha_617,GOLD,Delhi,2025-08-30,Y
C00618,Sneha_618,PLATINUM,Noida,2023-09-03,Y
C00619,Anuj_619,PLATINUM,Pune,2025-10-22,Y
C00620,Priya_620,SILVER,Hyderabad,2024-08-25,Y
C00621,Riya_621,SILVER,Mumbai,2025-01-14,Y
C00622,Priya_622,BRONZE,Delhi,2025-09-23,Y
C00623,Vikram_623,SILVER,Noida,2025-09-20,Y
C00624,Priya_624,BRONZE,Mumbai,2024-02-18,Y
C00625,Rahul_625,BRONZE,Noida,2024-07-04,Y
C00626,Riya_626,SILVER,Jaipur,2023-07-03,Y
C00627,Arjun_627,BRONZE,Noida,2026-02-04,Y
C00628,Vikram_628,BRONZE,Pune,2024-07-13,Y
C00629,Rahul_629,BRONZE,Bangalore,2023-05-10,Y
C00630,Priya_630,SILVER,Jaipur,2025-03-13,Y
C00631,Rahul_631,BRONZE,Jaipur,2023-05-17,Y
C00632,Priya_632,BRONZE,Delhi,2026-02-21,Y
C00633,Arjun_633,BRONZE,Kolkata,2023-01-06,N
C00634,Karan_634,GOLD,Jaipur,2023-02-02,Y
C00635,Karan_635,BRONZE,Mumbai,2024-09-11,Y
C00636,Vikram_636,GOLD,Hyderabad,2024-04-20,Y
C00637,Sneha_637,BRONZE,Pune,2024-01-14,Y
C00638,Rahul_638,SILVER,Bangalore,2026-01-16,Y
C00639,Arjun_639,SILVER,Jaipur,2025-07-27,Y
C00640,Neha_640,BRONZE,Hyderabad,2024-11-24,Y
C00641,Sneha_641,BRONZE,Ahmedabad,2024-01-14,Y
C00642,Rahul_642,BRONZE,Noida,2024-01-15,Y
C00643,Priya_643,GOLD,Hyderabad,2024-11-14,Y
C00644,Priya_644,BRONZE,Hyderabad,2025-11-03,Y
C00645,Rahul_645,GOLD,Mumbai,2025-04-07,Y
C00646,Sneha_646,BRONZE,Mumbai,2025-11-30,Y
C00647,Riya_647,GOLD,Bangalore,2025-05-14,Y
C00648,Anuj_648,SILVER,Jaipur,2025-02-19,Y
C00649,Neha_649,BRONZE,Pune,2024-12-07,Y
C00650,Anuj_650,SILVER,Chennai,2023-07-28,Y
C00651,Riya_651,BRONZE,Delhi,2023-06-05,Y
C00652,Priya_652,GOLD,Delhi,2025-06-11,Y
C00653,Priya_653,BRONZE,Pune,2025-06-10,Y
C00654,Anuj_654,SILVER,Jaipur,2025-12-02,Y
C00655,Arjun_655,SILVER,Jaipur,2023-01-17,Y
C00656,Karan_656,GOLD,Mumbai,2023-01-06,Y
C00657,Neha_657,BRONZE,Pune,2024-08-17,Y
C00658,Arjun_658,GOLD,Mumbai,2023-11-11,Y
C00659,Arjun_659,BRONZE,Jaipur,2023-08-28,Y
C00660,Sneha_660,SILVER,Hyderabad,2025-02-06,Y
C00661,Anuj_661,SILVER,Jaipur,2023-06-18,Y
C00662,Priya_662,BRONZE,Hyderabad,2023-10-14,Y
C00663,Karan_663,SILVER,Noida,2023-10-16,Y
C00664,Vikram_664,GOLD,Chennai,2026-01-30,Y
C00665,Rahul_665,SILVER,Bangalore,2023-01-26,Y
C00666,Priya_666,SILVER,Mumbai,2023-11-17,Y
C00667,Anuj_667,BRONZE,Noida,2024-03-24,Y
C00668,Priya_668,SILVER,Kolkata,2024-07-08,Y
C00669,Amit_669,BRONZE,Hyderabad,2024-05-23,Y
C00670,Arjun_670,BRONZE,Kolkata,2023-05-18,Y
C00671,Amit_671,GOLD,Kolkata,2025-08-02,Y
C00672,Rahul_672,BRONZE,Ahmedabad,2024-05-02,Y
C00673,Vikram_673,GOLD,Mumbai,2024-11-22,Y
C00674,Rahul_674,BRONZE,Jaipur,2025-04-11,Y
C00675,Riya_675,SILVER,Ahmedabad,2023-10-15,Y
C00676,Neha_676,BRONZE,Hyderabad,2024-01-10,Y
C00677,Sneha_677,BRONZE,Kolkata,2026-02-24,Y
C00678,Sneha_678,GOLD,Bangalore,2026-01-22,Y
C00679,Neha_679,GOLD,Kolkata,2023-12-23,Y
C00680,Neha_680,BRONZE,Noida,2023-03-09,Y
C00681,Amit_681,BRONZE,Hyderabad,2023-08-20,Y
C00682,Priya_682,BRONZE,Jaipur,2024-03-10,Y
C00683,Priya_683,BRONZE,Pune,2024-04-22,Y
C00684,Arjun_684,PLATINUM,Pune,2026-02-25,Y
C00685,Karan_685,BRONZE,Noida,2023-04-03,Y
C00686,Neha_686,GOLD,Noida,2024-03-03,Y
C00687,Karan_687,SILVER,Bangalore,2023-10-06,Y
C00688,Riya_688,BRONZE,Mumbai,2023-04-07,Y
C00689,Vikram_689,SILVER,Hyderabad,2024-08-19,Y
C00690,Rahul_690,GOLD,Hyderabad,2026-02-13,Y
C00691,Sneha_691,BRONZE,Hyderabad,2024-04-28,Y
C00692,Sneha_692,BRONZE,Mumbai,2023-09-27,Y
C00693,Arjun_693,SILVER,Hyderabad,2025-06-28,Y
C00694,Sneha_694,BRONZE,Noida,2025-03-07,Y
C00695,Anuj_695,BRONZE,Pune,2023-07-23,Y
C00696,Karan_696,BRONZE,Pune,2023-10-25,Y
C00697,Riya_697,SILVER,Hyderabad,2024-05-28,Y
C00698,Vikram_698,GOLD,Mumbai,2023-09-05,Y
C00699,Karan_699,GOLD,Bangalore,2025-09-03,Y
C00700,Sneha_700,GOLD,Hyderabad,2023-04-27,Y
C00701,Arjun_701,SILVER,Chennai,2025-11-06,Y
C00702,Rahul_702,BRONZE,Noida,2024-03-26,Y
C00703,Vikram_703,BRONZE,Hyderabad,2023-11-23,Y
C00704,Anuj_704,SILVER,Noida,2025-12-17,Y
C00705,Rahul_705,SILVER,Mumbai,2026-01-12,Y
C00706,Anuj_706,SILVER,Kolkata,2024-08-03,Y
C00707,Neha_707,BRONZE,Pune,2023-07-11,Y
C00708,Riya_708,SILVER,Kolkata,2024-09-28,Y
C00709,Sneha_709,BRONZE,Jaipur,2023-01-01,Y
C00710,Sneha_710,BRONZE,Ahmedabad,2025-10-24,Y
C00711,Neha_711,SILVER,Noida,2024-06-30,Y
C00712,Sneha_712,BRONZE,Delhi,2025-11-19,Y
C00713,Neha_713,BRONZE,Chennai,2025-02-07,Y
C00714,Vikram_714,SILVER,Mumbai,2023-12-14,Y
C00715,Arjun_715,BRONZE,Ahmedabad,2024-11-29,Y
C00716,Vikram_716,BRONZE,Delhi,2023-10-13,Y
C00717,Sneha_717,BRONZE,Noida,2024-11-04,Y
C00718,Priya_718,BRONZE,Mumbai,2023-01-21,Y
C00719,Rahul_719,BRONZE,Jaipur,2023-11-20,Y
C00720,Riya_720,SILVER,Mumbai,2023-04-08,Y
C00721,Rahul_721,GOLD,Hyderabad,2026-02-08,Y
C00722,Vikram_722,BRONZE,Chennai,2023-03-24,Y
C00723,Arjun_723,BRONZE,Mumbai,2026-02-22,Y
C00724,Anuj_724,GOLD,Noida,2025-08-21,Y
C00725,Arjun_725,GOLD,Noida,2024-01-01,Y
C00726,Priya_726,SILVER,Chennai,2023-06-04,Y
C00727,Karan_727,BRONZE,Hyderabad,2025-12-06,Y
C00728,Sneha_728,GOLD,Chennai,2026-02-22,Y
C00729,Amit_729,SILVER,Noida,2025-10-18,Y
C00730,Anuj_730,BRONZE,Jaipur,2025-04-15,Y
C00731,Priya_731,GOLD,Ahmedabad,2024-01-05,Y
C00732,Arjun_732,GOLD,Ahmedabad,2024-06-21,Y
C00733,Anuj_733,BRONZE,Chennai,2024-12-19,Y
C00734,Riya_734,SILVER,Jaipur,2025-10-11,Y
C00735,Vikram_735,BRONZE,Kolkata,2026-04-06,Y
C00736,Amit_736,BRONZE,Chennai,2023-05-11,Y
C00737,Rahul_737,SILVER,Mumbai,2024-11-29,Y
C00738,Riya_738,BRONZE,Mumbai,2024-09-15,Y
C00739,Riya_739,BRONZE,Ahmedabad,2023-02-01,Y
C00740,Neha_740,SILVER,Pune,2026-02-02,Y
C00741,Neha_741,GOLD,Kolkata,2026-03-26,Y
C00742,Amit_742,SILVER,Hyderabad,2023-03-28,Y
C00743,Neha_743,BRONZE,Noida,2023-06-06,Y
C00744,Karan_744,GOLD,Noida,2025-12-03,Y
C00745,Karan_745,GOLD,Ahmedabad,2023-09-11,Y
C00746,Neha_746,GOLD,Noida,2025-11-10,Y
C00747,Priya_747,SILVER,Bangalore,2023-05-29,Y
C00748,Anuj_748,BRONZE,Pune,2024-07-23,Y
C00749,Riya_749,SILVER,Delhi,2024-08-22,Y
C00750,Anuj_750,PLATINUM,Jaipur,2023-06-07,Y
C00751,Karan_751,BRONZE,Mumbai,2023-07-15,Y
C00752,Karan_752,BRONZE,Hyderabad,2025-12-30,Y
C00753,Arjun_753,PLATINUM,Pune,2023-08-17,Y
C00754,Arjun_754,BRONZE,Bangalore,2024-11-06,Y
C00755,Riya_755,GOLD,Bangalore,2023-01-23,Y
C00756,Riya_756,PLATINUM,Noida,2024-04-10,Y
C00757,Neha_757,BRONZE,Delhi,2024-12-03,Y
C00758,Neha_758,SILVER,Hyderabad,2026-01-14,Y
C00759,Anuj_759,BRONZE,Jaipur,2023-03-27,Y
C00760,Sneha_760,BRONZE,Mumbai,2023-05-04,Y
C00761,Arjun_761,BRONZE,Mumbai,2023-04-16,Y
C00762,Riya_762,GOLD,Chennai,2024-05-24,Y
C00763,Sneha_763,GOLD,Ahmedabad,2024-04-20,Y
C00764,Karan_764,SILVER,Mumbai,2024-06-11,Y
C00765,Anuj_765,BRONZE,Noida,2025-11-11,Y
C00766,Vikram_766,SILVER,Mumbai,2024-03-12,Y
C00767,Vikram_767,BRONZE,Chennai,2024-08-24,Y
C00768,Anuj_768,GOLD,Bangalore,2026-01-09,Y
C00769,Arjun_769,SILVER,Jaipur,2025-08-10,Y
C00770,Priya_770,SILVER,Kolkata,2023-02-28,Y
C00771,Amit_771,BRONZE,Kolkata,2024-02-23,Y
C00772,Neha_772,BRONZE,Delhi,2024-01-25,Y
C00773,Rahul_773,GOLD,Pune,2024-07-29,Y
C00774,Arjun_774,BRONZE,Jaipur,2024-09-28,Y
C00775,Arjun_775,GOLD,Chennai,2023-12-24,Y
C00776,Priya_776,GOLD,Noida,2025-01-14,Y
C00777,Karan_777,BRONZE,Ahmedabad,2026-03-18,Y
C00778,Arjun_778,SILVER,Pune,2023-12-30,Y
C00779,Arjun_779,BRONZE,Kolkata,2025-06-02,Y
C00780,Vikram_780,SILVER,Hyderabad,2026-03-21,Y
C00781,Arjun_781,BRONZE,Kolkata,2023-02-08,Y
C00782,Sneha_782,BRONZE,Delhi,2023-09-18,Y
C00783,Amit_783,BRONZE,Chennai,2023-12-09,Y
C00784,Neha_784,SILVER,Mumbai,2023-05-18,Y
C00785,Karan_785,BRONZE,Chennai,2025-07-21,Y
C00786,Arjun_786,BRONZE,Ahmedabad,2024-03-06,Y
C00787,Karan_787,SILVER,Chennai,2025-11-24,Y
C00788,Riya_788,GOLD,Bangalore,2025-02-26,Y
C00789,Amit_789,BRONZE,Hyderabad,2023-02-14,Y
C00790,Amit_790,BRONZE,Chennai,2024-09-22,Y
C00791,Amit_791,BRONZE,Pune,2025-06-13,Y
C00792,Neha_792,SILVER,Kolkata,2024-01-30,Y
C00793,Arjun_793,BRONZE,Delhi,2025-07-09,Y
C00794,Amit_794,GOLD,Hyderabad,2025-08-13,Y
C00795,Priya_795,SILVER,Bangalore,2023-04-26,Y
C00796,Neha_796,SILVER,Bangalore,2024-03-26,Y
C00797,Riya_797,SILVER,Noida,2023-10-04,Y
C00798,Riya_798,BRONZE,Noida,2024-03-23,Y
C00799,Karan_799,BRONZE,Bangalore,2025-10-27,Y
C00800,Amit_800,PLATINUM,Jaipur,2023-06-07,Y
C00801,Sneha_801,BRONZE,Mumbai,2023-12-13,Y
C00802,Priya_802,BRONZE,Bangalore,2023-01-19,Y
C00803,Rahul_803,BRONZE,Kolkata,2024-08-13,Y
C00804,Karan_804,BRONZE,Hyderabad,2023-08-03,Y
C00805,Priya_805,GOLD,Mumbai,2025-10-05,Y
C00806,Arjun_806,BRONZE,Kolkata,2025-09-26,Y
C00807,Riya_807,BRONZE,Mumbai,2023-04-29,Y
C00808,Rahul_808,BRONZE,Jaipur,2023-09-15,Y
C00809,Arjun_809,SILVER,Ahmedabad,2024-06-28,Y
C00810,Neha_810,GOLD,Pune,2025-06-15,Y
C00811,Rahul_811,BRONZE,Kolkata,2024-04-15,Y
C00812,Amit_812,BRONZE,Pune,2024-11-05,Y
C00813,Neha_813,SILVER,Mumbai,2023-07-09,Y
C00814,Neha_814,GOLD,Pune,2023-09-15,Y
C00815,Rahul_815,GOLD,Pune,2024-09-19,Y
C00816,Karan_816,SILVER,Bangalore,2023-06-05,Y
C00817,Neha_817,GOLD,Kolkata,2023-11-15,Y
C00818,Sneha_818,BRONZE,Bangalore,2025-11-28,Y
C00819,Vikram_819,GOLD,Noida,2024-02-06,Y
C00820,Sneha_820,BRONZE,Mumbai,2026-02-24,Y
C00821,Priya_821,SILVER,Ahmedabad,2023-08-05,Y
C00822,Neha_822,SILVER,Chennai,2023-03-27,Y
C00823,Anuj_823,SILVER,Jaipur,2025-04-07,Y
C00824,Amit_824,SILVER,Bangalore,2024-10-30,Y
C00825,Vikram_825,GOLD,Delhi,2023-11-19,Y
C00826,Vikram_826,BRONZE,Bangalore,2025-01-27,Y
C00827,Karan_827,GOLD,Delhi,2025-05-01,Y
C00828,Amit_828,BRONZE,Delhi,2026-03-07,Y
C00829,Amit_829,GOLD,Hyderabad,2023-08-12,Y
C00830,Neha_830,SILVER,Delhi,2024-04-12,Y
C00831,Vikram_831,SILVER,Mumbai,2024-04-01,Y
C00832,Neha_832,GOLD,Hyderabad,2025-05-14,Y
C00833,Karan_833,SILVER,Jaipur,2025-12-15,Y
C00834,Rahul_834,SILVER,Pune,2026-03-06,Y
C00835,Priya_835,BRONZE,Chennai,2025-10-17,Y
C00836,Vikram_836,SILVER,Ahmedabad,2023-06-07,Y
C00837,Rahul_837,GOLD,Chennai,2025-08-24,Y
C00838,Neha_838,BRONZE,Chennai,2025-12-31,Y
C00839,Riya_839,GOLD,Delhi,2023-01-29,Y
C00840,Vikram_840,BRONZE,Bangalore,2025-07-14,Y
C00841,Arjun_841,BRONZE,Bangalore,2024-09-06,Y
C00842,Anuj_842,BRONZE,Noida,2024-08-05,Y
C00843,Anuj_843,BRONZE,Mumbai,2024-01-24,Y
C00844,Amit_844,BRONZE,Noida,2023-10-29,N
C00845,Karan_845,SILVER,Noida,2024-04-24,Y
C00846,Arjun_846,SILVER,Bangalore,2023-11-02,Y
C00847,Amit_847,BRONZE,Kolkata,2024-10-10,Y
C00848,Neha_848,SILVER,Pune,2024-03-25,Y
C00849,Neha_849,GOLD,Delhi,2023-10-05,Y
C00850,Rahul_850,GOLD,Ahmedabad,2023-06-09,Y
C00851,Priya_851,GOLD,Kolkata,2024-09-12,Y
C00852,Karan_852,BRONZE,Chennai,2025-01-24,Y
C00853,Neha_853,BRONZE,Mumbai,2023-07-05,Y
C00854,Vikram_854,PLATINUM,Kolkata,2026-02-05,Y
C00855,Arjun_855,PLATINUM,Hyderabad,2024-01-30,Y
C00856,Neha_856,BRONZE,Mumbai,2023-07-27,Y
C00857,Amit_857,BRONZE,Noida,2024-11-24,Y
C00858,Sneha_858,BRONZE,Chennai,2023-01-10,Y
C00859,Karan_859,BRONZE,Delhi,2023-02-28,Y
C00860,Amit_860,SILVER,Noida,2025-05-20,Y
C00861,Amit_861,BRONZE,Chennai,2025-07-31,Y
C00862,Arjun_862,PLATINUM,Mumbai,2026-04-01,Y
C00863,Vikram_863,BRONZE,Pune,2025-04-12,Y
C00864,Arjun_864,PLATINUM,Hyderabad,2024-07-03,Y
C00865,Rahul_865,BRONZE,Jaipur,2025-02-03,Y
C00866,Neha_866,GOLD,Chennai,2024-06-01,Y
C00867,Priya_867,BRONZE,Kolkata,2024-10-10,Y
C00868,Sneha_868,BRONZE,Jaipur,2024-10-24,Y
C00869,Riya_869,BRONZE,Kolkata,2024-05-26,Y
C00870,Karan_870,SILVER,Kolkata,2025-02-23,Y
C00871,Neha_871,SILVER,Bangalore,2025-04-01,Y
C00872,Karan_872,SILVER,Noida,2023-01-03,Y
C00873,Vikram_873,SILVER,Kolkata,2026-04-14,Y
C00874,Sneha_874,BRONZE,Jaipur,2026-03-18,Y
C00875,Amit_875,BRONZE,Delhi,2023-07-01,Y
C00876,Rahul_876,SILVER,Chennai,2024-09-02,Y
C00877,Riya_877,SILVER,Ahmedabad,2024-09-17,Y
C00878,Karan_878,PLATINUM,Kolkata,2024-12-05,Y
C00879,Riya_879,GOLD,Chennai,2025-10-30,Y
C00880,Riya_880,BRONZE,Kolkata,2023-07-31,Y
C00881,Arjun_881,SILVER,Bangalore,2026-03-05,Y
C00882,Vikram_882,BRONZE,Chennai,2023-07-21,Y
C00883,Neha_883,SILVER,Pune,2024-04-09,Y
C00884,Neha_884,BRONZE,Bangalore,2024-06-14,Y
C00885,Amit_885,PLATINUM,Delhi,2025-02-28,Y
C00886,Rahul_886,SILVER,Chennai,2024-06-28,Y
C00887,Karan_887,SILVER,Mumbai,2025-03-29,Y
C00888,Riya_888,BRONZE,Hyderabad,2023-07-04,Y
C00889,Rahul_889,SILVER,Chennai,2025-12-20,Y
C00890,Priya_890,BRONZE,Pune,2023-05-11,Y
C00891,Vikram_891,GOLD,Ahmedabad,2025-07-26,Y
C00892,Vikram_892,GOLD,Chennai,2023-02-14,Y
C00893,Priya_893,GOLD,Ahmedabad,2025-05-08,Y
C00894,Neha_894,BRONZE,Delhi,2024-05-17,Y
C00895,Priya_895,SILVER,Hyderabad,2024-05-10,Y
C00896,Priya_896,BRONZE,Delhi,2025-02-23,Y
C00897,Sneha_897,BRONZE,Bangalore,2026-02-19,Y
C00898,Karan_898,BRONZE,Noida,2025-10-30,Y
C00899,Sneha_899,GOLD,Hyderabad,2026-04-13,Y
C00900,Priya_900,BRONZE,Chennai,2023-10-04,Y
C00901,Vikram_901,BRONZE,Delhi,2023-09-03,Y
C00902,Vikram_902,PLATINUM,Bangalore,2024-02-04,Y
C00903,Sneha_903,BRONZE,Hyderabad,2025-10-13,Y
C00904,Neha_904,BRONZE,Ahmedabad,2025-02-14,Y
C00905,Rahul_905,BRONZE,Bangalore,2025-12-27,Y
C00906,Neha_906,BRONZE,Chennai,2024-05-16,Y
C00907,Karan_907,BRONZE,Kolkata,2023-04-28,Y
C00908,Rahul_908,SILVER,Bangalore,2025-01-22,Y
C00909,Anuj_909,GOLD,Noida,2025-12-19,Y
C00910,Priya_910,BRONZE,Chennai,2024-05-18,Y
C00911,Arjun_911,SILVER,Jaipur,2024-07-09,Y
C00912,Vikram_912,GOLD,Jaipur,2026-03-07,Y
C00913,Karan_913,SILVER,Pune,2023-03-05,Y
C00914,Sneha_914,SILVER,Kolkata,2023-10-25,Y
C00915,Riya_915,SILVER,Jaipur,2024-01-01,Y
C00916,Sneha_916,SILVER,Ahmedabad,2023-09-06,Y
C00917,Amit_917,BRONZE,Kolkata,2024-12-03,Y
C00918,Amit_918,BRONZE,Delhi,2024-02-02,Y
C00919,Vikram_919,BRONZE,Jaipur,2025-09-11,Y
C00920,Neha_920,BRONZE,Mumbai,2023-05-22,Y
C00921,Sneha_921,SILVER,Delhi,2023-09-06,Y
C00922,Amit_922,BRONZE,Noida,2023-04-29,Y
C00923,Arjun_923,SILVER,Jaipur,2025-12-22,Y
C00924,Anuj_924,BRONZE,Bangalore,2024-06-08,Y
C00925,Rahul_925,GOLD,Chennai,2023-07-28,Y
C00926,Amit_926,SILVER,Pune,2023-10-19,Y
C00927,Anuj_927,PLATINUM,Mumbai,2024-08-30,Y
C00928,Riya_928,PLATINUM,Delhi,2025-02-21,Y
C00929,Riya_929,BRONZE,Ahmedabad,2025-07-17,Y
C00930,Rahul_930,SILVER,Kolkata,2025-12-22,Y
C00931,Rahul_931,BRONZE,Noida,2024-01-29,Y
C00932,Sneha_932,GOLD,Bangalore,2025-10-20,Y
C00933,Amit_933,BRONZE,Mumbai,2023-04-14,Y
C00934,Anuj_934,SILVER,Mumbai,2023-02-17,Y
C00935,Amit_935,BRONZE,Pune,2025-08-02,Y
C00936,Riya_936,BRONZE,Kolkata,2023-11-14,Y
C00937,Rahul_937,PLATINUM,Hyderabad,2023-01-23,Y
C00938,Riya_938,GOLD,Mumbai,2026-01-28,Y
C00939,Amit_939,BRONZE,Delhi,2025-07-10,Y
C00940,Rahul_940,BRONZE,Chennai,2024-06-02,Y
C00941,Amit_941,SILVER,Kolkata,2023-06-05,Y
C00942,Anuj_942,SILVER,Bangalore,2026-03-02,Y
C00943,Riya_943,BRONZE,Mumbai,2023-03-11,Y
C00944,Rahul_944,SILVER,Kolkata,2025-08-20,Y
C00945,Anuj_945,GOLD,Hyderabad,2025-05-17,Y
C00946,Karan_946,BRONZE,Kolkata,2024-10-08,Y
C00947,Karan_947,BRONZE,Mumbai,2025-11-29,Y
C00948,Priya_948,GOLD,Bangalore,2023-02-27,Y
C00949,Priya_949,BRONZE,Hyderabad,2024-12-14,Y
C00950,Rahul_950,BRONZE,Noida,2025-07-15,Y
C00951,Riya_951,BRONZE,Jaipur,2023-10-04,Y
C00952,Karan_952,SILVER,Hyderabad,2023-10-27,Y
C00953,Riya_953,PLATINUM,Kolkata,2023-01-03,Y
C00954,Karan_954,BRONZE,Chennai,2025-09-06,Y
C00955,Rahul_955,BRONZE,Ahmedabad,2024-04-20,Y
C00956,Amit_956,SILVER,Mumbai,2025-12-13,Y
C00957,Neha_957,SILVER,Ahmedabad,2025-08-22,Y
C00958,Priya_958,SILVER,Noida,2023-04-09,Y
C00959,Sneha_959,BRONZE,Chennai,2025-07-18,Y
C00960,Sneha_960,PLATINUM,Bangalore,2025-12-17,Y
C00961,Vikram_961,GOLD,Kolkata,2024-04-11,Y
C00962,Arjun_962,BRONZE,Kolkata,2023-08-01,Y
C00963,Rahul_963,SILVER,Jaipur,2026-02-09,Y
C00964,Riya_964,BRONZE,Chennai,2024-03-21,Y
C00965,Amit_965,GOLD,Mumbai,2024-07-14,Y
C00966,Karan_966,BRONZE,Ahmedabad,2025-01-11,Y
C00967,Vikram_967,BRONZE,Jaipur,2024-10-13,Y
C00968,Neha_968,BRONZE,Mumbai,2024-03-04,Y
C00969,Karan_969,PLATINUM,Mumbai,2024-05-15,Y
C00970,Arjun_970,BRONZE,Delhi,2025-08-12,Y
C00971,Riya_971,SILVER,Kolkata,2025-08-23,Y
C00972,Arjun_972,BRONZE,Noida,2023-11-05,Y
C00973,Neha_973,BRONZE,Delhi,2024-09-20,Y
C00974,Karan_974,BRONZE,Mumbai,2023-03-27,Y
C00975,Amit_975,SILVER,Mumbai,2023-08-16,Y
C00976,Sneha_976,BRONZE,Bangalore,2023-01-29,Y
C00977,Rahul_977,BRONZE,Delhi,2024-08-09,Y
C00978,Karan_978,SILVER,Pune,2023-05-18,Y
C00979,Sneha_979,SILVER,Mumbai,2026-01-10,Y
C00980,Amit_980,BRONZE,Ahmedabad,2023-05-27,Y
C00981,Riya_981,BRONZE,Delhi,2025-05-25,Y
C00982,Arjun_982,GOLD,Ahmedabad,2024-07-13,Y
C00983,Arjun_983,SILVER,Noida,2023-07-29,Y
C00984,Arjun_984,BRONZE,Hyderabad,2024-10-08,Y
C00985,Priya_985,GOLD,Noida,2025-07-12,Y
C00986,Arjun_986,SILVER,Hyderabad,2024-03-21,Y
C00987,Rahul_987,BRONZE,Pune,2024-06-30,Y
C00988,Anuj_988,GOLD,Ahmedabad,2025-01-10,Y
C00989,Vikram_989,GOLD,Mumbai,2024-05-07,Y
C00990,Amit_990,BRONZE,Jaipur,2025-02-20,Y
C00991,Arjun_991,BRONZE,Kolkata,2024-04-17,Y
C00992,Sneha_992,BRONZE,Kolkata,2025-11-03,Y
C00993,Rahul_993,BRONZE,Noida,2023-10-16,Y
C00994,Vikram_994,BRONZE,Pune,2024-12-29,Y
C00995,Riya_995,GOLD,Kolkata,2023-11-24,Y
C00996,Priya_996,SILVER,Pune,2024-08-30,Y
C00997,Riya_997,GOLD,Noida,2024-11-03,Y
C00998,Riya_998,BRONZE,Ahmedabad,2023-08-21,Y
C00999,Sneha_999,GOLD,Bangalore,2025-08-23,Y
C01000,Sneha_1000,GOLD,Chennai,2024-11-27,Y
C01001,Karan_1001,SILVER,Hyderabad,2025-07-09,Y
C01002,Rahul_1002,BRONZE,Jaipur,2024-11-19,Y
C01003,Arjun_1003,GOLD,Hyderabad,2026-03-11,Y
C01004,Neha_1004,BRONZE,Mumbai,2023-11-23,Y
C01005,Amit_1005,BRONZE,Hyderabad,2024-12-18,Y
C01006,Rahul_1006,BRONZE,Jaipur,2023-08-13,Y
C01007,Vikram_1007,BRONZE,Ahmedabad,2025-12-15,Y
C01008,Amit_1008,SILVER,Chennai,2025-05-02,Y
C01009,Sneha_1009,GOLD,Jaipur,2024-03-30,Y
C01010,Rahul_1010,GOLD,Noida,2025-01-05,Y
C01011,Amit_1011,GOLD,Delhi,2024-11-20,Y
C01012,Neha_1012,SILVER,Kolkata,2024-09-01,Y
C01013,Vikram_1013,BRONZE,Chennai,2024-07-27,Y
C01014,Riya_1014,SILVER,Hyderabad,2024-03-05,Y
C01015,Neha_1015,GOLD,Ahmedabad,2023-11-01,Y
C01016,Sneha_1016,BRONZE,Bangalore,2024-05-12,Y
C01017,Anuj_1017,BRONZE,Chennai,2026-01-25,Y
C01018,Neha_1018,BRONZE,Jaipur,2025-01-03,Y
C01019,Vikram_1019,BRONZE,Kolkata,2024-02-13,Y
C01020,Karan_1020,BRONZE,Jaipur,2025-07-18,Y
C01021,Arjun_1021,BRONZE,Delhi,2023-07-09,Y
C01022,Rahul_1022,GOLD,Delhi,2024-01-11,Y
C01023,Vikram_1023,BRONZE,Noida,2024-05-28,Y
C01024,Priya_1024,BRONZE,Pune,2026-02-19,Y
C01025,Sneha_1025,SILVER,Chennai,2026-02-14,Y
C01026,Amit_1026,BRONZE,Ahmedabad,2023-08-17,Y
C01027,Anuj_1027,SILVER,Delhi,2025-12-31,Y
C01028,Priya_1028,GOLD,Delhi,2025-09-15,Y
C01029,Sneha_1029,BRONZE,Delhi,2024-10-19,Y
C01030,Karan_1030,SILVER,Kolkata,2025-07-24,Y
C01031,Riya_1031,BRONZE,Chennai,2024-04-14,Y
C01032,Arjun_1032,SILVER,Kolkata,2025-07-28,Y
C01033,Rahul_1033,SILVER,Pune,2024-06-13,Y
C01034,Sneha_1034,SILVER,Kolkata,2024-06-09,Y
C01035,Karan_1035,BRONZE,Noida,2026-02-15,Y
C01036,Amit_1036,SILVER,Noida,2025-08-05,Y
C01037,Anuj_1037,SILVER,Ahmedabad,2024-02-17,Y
C01038,Arjun_1038,BRONZE,Delhi,2024-08-06,Y
C01039,Vikram_1039,GOLD,Noida,2025-09-25,Y
C01040,Neha_1040,GOLD,Mumbai,2023-02-15,Y
C01041,Neha_1041,SILVER,Hyderabad,2024-06-26,Y
C01042,Neha_1042,GOLD,Hyderabad,2024-03-08,Y
C01043,Sneha_1043,GOLD,Bangalore,2023-08-14,Y
C01044,Sneha_1044,SILVER,Jaipur,2025-05-25,Y
C01045,Rahul_1045,SILVER,Chennai,2023-10-29,Y
C01046,Sneha_1046,GOLD,Bangalore,2025-02-02,Y
C01047,Amit_1047,SILVER,Kolkata,2023-11-13,Y
C01048,Karan_1048,PLATINUM,Noida,2026-04-05,Y
C01049,Riya_1049,BRONZE,Jaipur,2024-06-17,Y
C01050,Anuj_1050,GOLD,Delhi,2024-04-09,Y
C01051,Vikram_1051,SILVER,Jaipur,2024-01-27,Y
C01052,Karan_1052,GOLD,Kolkata,2026-02-16,Y
C01053,Vikram_1053,GOLD,Chennai,2025-01-21,Y
C01054,Karan_1054,SILVER,Mumbai,2024-01-15,Y
C01055,Sneha_1055,GOLD,Delhi,2023-11-18,N
C01056,Arjun_1056,BRONZE,Chennai,2024-07-12,Y
C01057,Anuj_1057,SILVER,Ahmedabad,2024-05-23,Y
C01058,Rahul_1058,BRONZE,Noida,2024-03-16,Y
C01059,Anuj_1059,BRONZE,Hyderabad,2024-12-27,Y
C01060,Anuj_1060,BRONZE,Bangalore,2023-10-27,Y
C01061,Sneha_1061,BRONZE,Jaipur,2024-11-30,Y
C01062,Riya_1062,PLATINUM,Kolkata,2023-11-22,Y
C01063,Anuj_1063,GOLD,Ahmedabad,2026-01-24,Y
C01064,Vikram_1064,SILVER,Pune,2023-03-11,Y
C01065,Rahul_1065,BRONZE,Ahmedabad,2024-12-06,Y
C01066,Amit_1066,BRONZE,Jaipur,2024-02-04,Y
C01067,Neha_1067,BRONZE,Chennai,2023-03-17,Y
C01068,Amit_1068,GOLD,Mumbai,2024-09-28,Y
C01069,Amit_1069,SILVER,Kolkata,2025-04-02,Y
C01070,Anuj_1070,BRONZE,Mumbai,2024-05-06,Y
C01071,Amit_1071,SILVER,Chennai,2023-07-12,Y
C01072,Neha_1072,BRONZE,Chennai,2024-09-17,Y
C01073,Riya_1073,BRONZE,Mumbai,2023-09-21,Y
C01074,Amit_1074,BRONZE,Hyderabad,2024-02-02,Y
C01075,Karan_1075,BRONZE,Hyderabad,2024-05-26,Y
C01076,Vikram_1076,SILVER,Hyderabad,2023-08-06,Y
C01077,Amit_1077,SILVER,Delhi,2025-05-07,Y
C01078,Amit_1078,BRONZE,Hyderabad,2024-02-03,Y
C01079,Anuj_1079,PLATINUM,Noida,2024-07-07,Y
C01080,Rahul_1080,BRONZE,Mumbai,2023-04-27,Y
C01081,Sneha_1081,BRONZE,Kolkata,2025-12-13,Y
C01082,Vikram_1082,SILVER,Chennai,2026-04-01,Y
C01083,Arjun_1083,BRONZE,Delhi,2023-07-12,Y
C01084,Rahul_1084,BRONZE,Jaipur,2024-06-29,Y
C01085,Arjun_1085,SILVER,Pune,2024-12-12,Y
C01086,Neha_1086,GOLD,Bangalore,2024-09-27,Y
C01087,Priya_1087,GOLD,Kolkata,2025-12-21,Y
C01088,Rahul_1088,BRONZE,Chennai,2023-12-11,Y
C01089,Anuj_1089,BRONZE,Ahmedabad,2025-06-13,Y
C01090,Priya_1090,GOLD,Chennai,2025-04-18,Y
C01091,Sneha_1091,PLATINUM,Hyderabad,2023-03-22,Y
C01092,Priya_1092,GOLD,Ahmedabad,2025-09-19,Y
C01093,Arjun_1093,SILVER,Noida,2025-08-05,Y
C01094,Riya_1094,BRONZE,Delhi,2024-05-27,Y
C01095,Anuj_1095,BRONZE,Hyderabad,2023-01-31,Y
C01096,Riya_1096,BRONZE,Hyderabad,2024-09-05,Y
C01097,Neha_1097,BRONZE,Ahmedabad,2023-11-23,Y
C01098,Karan_1098,BRONZE,Hyderabad,2025-05-20,Y
C01099,Priya_1099,GOLD,Delhi,2024-07-29,Y
C01100,Rahul_1100,SILVER,Chennai,2025-02-06,Y
C01101,Anuj_1101,PLATINUM,Hyderabad,2026-03-11,Y
C01102,Arjun_1102,SILVER,Delhi,2024-07-25,Y
C01103,Riya_1103,BRONZE,Bangalore,2023-10-19,Y
C01104,Neha_1104,PLATINUM,Chennai,2025-08-29,Y
C01105,Neha_1105,BRONZE,Pune,2023-11-16,Y
C01106,Riya_1106,GOLD,Jaipur,2025-12-02,Y
C01107,Amit_1107,BRONZE,Noida,2024-05-01,Y
C01108,Priya_1108,BRONZE,Bangalore,2023-04-16,Y
C01109,Arjun_1109,GOLD,Noida,2025-03-28,Y
C01110,Priya_1110,SILVER,Jaipur,2023-06-30,Y
C01111,Rahul_1111,BRONZE,Kolkata,2026-03-24,Y
C01112,Vikram_1112,SILVER,Kolkata,2024-04-25,Y
C01113,Neha_1113,SILVER,Chennai,2024-02-03,Y
C01114,Anuj_1114,SILVER,Mumbai,2023-05-31,Y
C01115,Sneha_1115,SILVER,Delhi,2025-05-16,Y
C01116,Priya_1116,SILVER,Noida,2025-11-05,Y
C01117,Neha_1117,PLATINUM,Hyderabad,2025-05-27,Y
C01118,Riya_1118,BRONZE,Kolkata,2024-03-02,Y
C01119,Anuj_1119,SILVER,Noida,2025-01-22,Y
C01120,Rahul_1120,GOLD,Chennai,2026-03-13,Y
C01121,Amit_1121,BRONZE,Hyderabad,2023-10-23,Y
C01122,Riya_1122,GOLD,Noida,2023-12-10,Y
C01123,Sneha_1123,SILVER,Ahmedabad,2025-09-07,Y
C01124,Rahul_1124,BRONZE,Chennai,2023-08-30,Y
C01125,Vikram_1125,SILVER,Bangalore,2025-06-10,Y
C01126,Sneha_1126,BRONZE,Kolkata,2026-04-01,Y
C01127,Priya_1127,BRONZE,Chennai,2024-11-06,Y
C01128,Vikram_1128,SILVER,Ahmedabad,2023-01-08,Y
C01129,Priya_1129,BRONZE,Kolkata,2023-11-09,Y
C01130,Arjun_1130,BRONZE,Mumbai,2025-12-16,Y
C01131,Arjun_1131,PLATINUM,Bangalore,2024-01-18,Y
C01132,Sneha_1132,SILVER,Mumbai,2024-10-18,Y
C01133,Rahul_1133,BRONZE,Bangalore,2024-06-10,Y
C01134,Rahul_1134,SILVER,Bangalore,2026-04-09,Y
C01135,Sneha_1135,GOLD,Noida,2024-11-23,Y
C01136,Anuj_1136,BRONZE,Noida,2024-04-25,Y
C01137,Vikram_1137,BRONZE,Noida,2023-08-11,Y
C01138,Sneha_1138,BRONZE,Ahmedabad,2026-02-10,Y
C01139,Arjun_1139,BRONZE,Ahmedabad,2025-11-05,Y
C01140,Sneha_1140,GOLD,Mumbai,2023-11-06,Y
C01141,Amit_1141,GOLD,Kolkata,2025-11-11,Y
C01142,Amit_1142,GOLD,Kolkata,2024-09-06,Y
C01143,Sneha_1143,BRONZE,Bangalore,2025-09-15,Y
C01144,Vikram_1144,BRONZE,Chennai,2023-07-31,Y
C01145,Karan_1145,SILVER,Bangalore,2025-07-01,Y
C01146,Riya_1146,BRONZE,Jaipur,2024-03-03,Y
C01147,Amit_1147,PLATINUM,Noida,2023-09-09,Y
C01148,Riya_1148,BRONZE,Hyderabad,2025-08-12,Y
C01149,Rahul_1149,SILVER,Delhi,2024-04-21,Y
C01150,Neha_1150,GOLD,Hyderabad,2024-04-19,Y
C01151,Vikram_1151,SILVER,Mumbai,2024-04-28,Y
C01152,Priya_1152,BRONZE,Bangalore,2024-09-07,Y
C01153,Sneha_1153,BRONZE,Mumbai,2025-04-22,Y
C01154,Rahul_1154,BRONZE,Noida,2024-03-21,Y
C01155,Amit_1155,SILVER,Ahmedabad,2024-12-01,Y
C01156,Karan_1156,BRONZE,Noida,2025-01-22,Y
C01157,Priya_1157,SILVER,Ahmedabad,2023-06-20,Y
C01158,Priya_1158,PLATINUM,Hyderabad,2023-06-22,Y
C01159,Amit_1159,SILVER,Ahmedabad,2023-04-29,Y
C01160,Vikram_1160,PLATINUM,Ahmedabad,2023-07-15,Y
C01161,Vikram_1161,BRONZE,Delhi,2025-02-19,Y
C01162,Karan_1162,BRONZE,Delhi,2025-07-22,Y
C01163,Arjun_1163,BRONZE,Hyderabad,2024-02-14,Y
C01164,Amit_1164,GOLD,Noida,2023-12-13,Y
C01165,Karan_1165,BRONZE,Mumbai,2023-08-21,Y
C01166,Rahul_1166,SILVER,Jaipur,2023-08-13,Y
C01167,Sneha_1167,SILVER,Bangalore,2024-10-12,Y
C01168,Karan_1168,BRONZE,Ahmedabad,2025-09-07,Y
C01169,Neha_1169,BRONZE,Mumbai,2023-03-14,Y
C01170,Rahul_1170,BRONZE,Ahmedabad,2024-08-18,Y
C01171,Riya_1171,BRONZE,Chennai,2023-08-10,Y
C01172,Arjun_1172,SILVER,Pune,2023-09-14,Y
C01173,Riya_1173,BRONZE,Ahmedabad,2023-07-15,Y
C01174,Neha_1174,GOLD,Bangalore,2024-07-13,Y
C01175,Rahul_1175,SILVER,Chennai,2023-01-09,Y
C01176,Priya_1176,SILVER,Bangalore,2025-04-15,Y
C01177,Arjun_1177,GOLD,Noida,2024-09-02,Y
C01178,Anuj_1178,BRONZE,Bangalore,2023-01-17,Y
C01179,Karan_1179,BRONZE,Kolkata,2023-03-01,Y
C01180,Vikram_1180,SILVER,Noida,2024-12-23,Y
C01181,Amit_1181,BRONZE,Mumbai,2023-01-21,Y
C01182,Neha_1182,PLATINUM,Kolkata,2023-12-20,Y
C01183,Rahul_1183,SILVER,Kolkata,2025-01-19,Y
C01184,Neha_1184,SILVER,Ahmedabad,2024-03-03,Y
C01185,Sneha_1185,BRONZE,Kolkata,2025-06-09,Y
C01186,Vikram_1186,BRONZE,Mumbai,2023-09-25,Y
C01187,Arjun_1187,BRONZE,Bangalore,2025-02-10,Y
C01188,Neha_1188,SILVER,Bangalore,2023-09-10,Y
C01189,Anuj_1189,SILVER,Noida,2023-10-25,Y
C01190,Amit_1190,SILVER,Ahmedabad,2024-03-10,Y
C01191,Anuj_1191,BRONZE,Ahmedabad,2025-05-24,Y
C01192,Anuj_1192,BRONZE,Pune,2023-03-24,Y
C01193,Rahul_1193,SILVER,Delhi,2026-04-12,Y
C01194,Vikram_1194,SILVER,Jaipur,2024-11-21,Y
C01195,Anuj_1195,BRONZE,Ahmedabad,2025-02-28,Y
C01196,Amit_1196,BRONZE,Chennai,2023-08-28,Y
C01197,Sneha_1197,GOLD,Mumbai,2025-10-06,Y
C01198,Neha_1198,BRONZE,Chennai,2026-01-22,Y
C01199,Priya_1199,BRONZE,Mumbai,2026-02-14,Y
C01200,Arjun_1200,PLATINUM,Bangalore,2023-05-23,Y
C01201,Amit_1201,BRONZE,Jaipur,2023-07-15,Y
C01202,Rahul_1202,BRONZE,Noida,2025-07-19,Y
C01203,Sneha_1203,GOLD,Hyderabad,2025-02-17,Y
C01204,Neha_1204,SILVER,Noida,2025-06-26,Y
C01205,Sneha_1205,GOLD,Jaipur,2023-09-15,Y
C01206,Anuj_1206,SILVER,Kolkata,2025-03-15,Y
C01207,Sneha_1207,BRONZE,Ahmedabad,2025-02-16,Y
C01208,Karan_1208,BRONZE,Kolkata,2025-05-19,Y
C01209,Sneha_1209,BRONZE,Bangalore,2023-12-29,Y
C01210,Anuj_1210,GOLD,Hyderabad,2023-09-10,Y
C01211,Neha_1211,BRONZE,Kolkata,2023-05-20,Y
C01212,Karan_1212,GOLD,Pune,2023-11-01,Y
C01213,Arjun_1213,SILVER,Mumbai,2026-01-06,Y
C01214,Arjun_1214,BRONZE,Mumbai,2025-02-08,Y
C01215,Vikram_1215,GOLD,Pune,2024-02-12,Y
C01216,Neha_1216,GOLD,Pune,2026-01-16,Y
C01217,Sneha_1217,BRONZE,Kolkata,2023-09-05,Y
C01218,Anuj_1218,SILVER,Bangalore,2024-08-01,Y
C01219,Neha_1219,BRONZE,Chennai,2024-04-18,Y
C01220,Neha_1220,SILVER,Chennai,2024-08-09,Y
C01221,Karan_1221,BRONZE,Ahmedabad,2023-04-25,Y
C01222,Neha_1222,BRONZE,Pune,2025-02-04,Y
C01223,Neha_1223,SILVER,Hyderabad,2023-02-16,Y
C01224,Amit_1224,SILVER,Delhi,2026-03-26,Y
C01225,Anuj_1225,SILVER,Noida,2023-10-16,Y
C01226,Priya_1226,PLATINUM,Pune,2025-06-10,Y
C01227,Sneha_1227,SILVER,Pune,2024-04-12,Y
C01228,Arjun_1228,PLATINUM,Kolkata,2024-10-24,Y
C01229,Rahul_1229,SILVER,Hyderabad,2025-12-01,Y
C01230,Sneha_1230,GOLD,Pune,2026-02-18,Y
C01231,Karan_1231,BRONZE,Noida,2025-07-12,Y
C01232,Rahul_1232,SILVER,Mumbai,2025-12-08,Y
C01233,Vikram_1233,SILVER,Mumbai,2025-07-15,Y
C01234,Priya_1234,SILVER,Bangalore,2023-03-07,Y
C01235,Riya_1235,BRONZE,Hyderabad,2025-01-22,Y
C01236,Priya_1236,SILVER,Hyderabad,2024-01-07,Y
C01237,Sneha_1237,SILVER,Hyderabad,2024-02-16,Y
C01238,Amit_1238,PLATINUM,Chennai,2023-03-20,Y
C01239,Anuj_1239,GOLD,Mumbai,2025-07-14,Y
C01240,Karan_1240,BRONZE,Chennai,2023-05-07,Y
C01241,Karan_1241,BRONZE,Jaipur,2023-08-17,Y
C01242,Vikram_1242,BRONZE,Delhi,2024-02-01,Y
C01243,Sneha_1243,SILVER,Chennai,2024-01-06,Y
C01244,Amit_1244,PLATINUM,Kolkata,2023-09-16,Y
C01245,Anuj_1245,SILVER,Delhi,2025-03-26,Y
C01246,Neha_1246,BRONZE,Chennai,2025-09-07,Y
C01247,Riya_1247,BRONZE,Noida,2025-12-31,Y
C01248,Karan_1248,BRONZE,Bangalore,2024-08-01,Y
C01249,Amit_1249,BRONZE,Ahmedabad,2025-07-15,Y
C01250,Sneha_1250,SILVER,Mumbai,2024-03-12,Y
C01251,Arjun_1251,BRONZE,Bangalore,2023-04-23,Y
C01252,Rahul_1252,BRONZE,Noida,2023-03-18,Y
C01253,Amit_1253,GOLD,Delhi,2025-06-06,Y
C01254,Arjun_1254,BRONZE,Ahmedabad,2023-12-31,Y
C01255,Riya_1255,GOLD,Delhi,2023-01-10,Y
C01256,Priya_1256,BRONZE,Pune,2023-08-22,Y
C01257,Sneha_1257,BRONZE,Delhi,2026-01-10,Y
C01258,Vikram_1258,BRONZE,Kolkata,2023-06-11,Y
C01259,Vikram_1259,GOLD,Kolkata,2026-03-25,Y
C01260,Priya_1260,SILVER,Ahmedabad,2025-05-06,Y
C01261,Riya_1261,BRONZE,Delhi,2023-05-31,Y
C01262,Karan_1262,BRONZE,Jaipur,2023-04-28,Y
C01263,Karan_1263,BRONZE,Chennai,2023-02-11,Y
C01264,Anuj_1264,BRONZE,Kolkata,2024-05-06,Y
C01265,Vikram_1265,GOLD,Mumbai,2025-03-26,Y
C01266,Amit_1266,BRONZE,Kolkata,2024-12-09,N
C01267,Rahul_1267,BRONZE,Bangalore,2023-01-12,Y
C01268,Sneha_1268,GOLD,Jaipur,2024-03-04,Y
C01269,Rahul_1269,GOLD,Mumbai,2023-11-05,Y
C01270,Anuj_1270,BRONZE,Chennai,2024-01-16,Y
C01271,Anuj_1271,BRONZE,Mumbai,2023-11-07,Y
C01272,Sneha_1272,GOLD,Hyderabad,2025-07-09,Y
C01273,Arjun_1273,BRONZE,Ahmedabad,2025-07-18,Y
C01274,Priya_1274,SILVER,Kolkata,2023-08-11,Y
C01275,Karan_1275,BRONZE,Delhi,2024-04-27,Y
C01276,Amit_1276,BRONZE,Mumbai,2026-03-19,Y
C01277,Riya_1277,BRONZE,Kolkata,2023-08-04,Y
C01278,Arjun_1278,SILVER,Chennai,2025-02-02,Y
C01279,Rahul_1279,SILVER,Noida,2026-01-29,Y
C01280,Amit_1280,SILVER,Chennai,2023-09-26,Y
C01281,Vikram_1281,BRONZE,Bangalore,2023-02-13,Y
C01282,Neha_1282,BRONZE,Bangalore,2023-05-28,Y
C01283,Vikram_1283,BRONZE,Kolkata,2023-12-03,Y
C01284,Vikram_1284,GOLD,Kolkata,2023-10-23,Y
C01285,Rahul_1285,BRONZE,Ahmedabad,2024-03-09,Y
C01286,Priya_1286,BRONZE,Mumbai,2025-06-30,Y
C01287,Vikram_1287,SILVER,Noida,2023-05-18,Y
C01288,Arjun_1288,BRONZE,Noida,2025-01-18,Y
C01289,Arjun_1289,GOLD,Bangalore,2023-06-16,Y
C01290,Arjun_1290,SILVER,Mumbai,2024-10-01,Y
C01291,Karan_1291,SILVER,Mumbai,2025-05-30,Y
C01292,Sneha_1292,BRONZE,Ahmedabad,2023-02-09,Y
C01293,Rahul_1293,GOLD,Hyderabad,2024-03-21,Y
C01294,Riya_1294,BRONZE,Ahmedabad,2024-11-27,Y
C01295,Riya_1295,BRONZE,Pune,2023-12-01,Y
C01296,Vikram_1296,PLATINUM,Noida,2023-12-14,Y
C01297,Anuj_1297,BRONZE,Mumbai,2024-08-21,Y
C01298,Priya_1298,PLATINUM,Chennai,2024-08-05,Y
C01299,Vikram_1299,GOLD,Chennai,2023-05-05,Y
C01300,Rahul_1300,BRONZE,Kolkata,2024-10-26,Y
C01301,Rahul_1301,BRONZE,Delhi,2026-02-08,Y
C01302,Neha_1302,GOLD,Jaipur,2024-04-25,Y
C01303,Priya_1303,BRONZE,Bangalore,2025-10-21,Y
C01304,Rahul_1304,BRONZE,Delhi,2023-08-26,Y
C01305,Sneha_1305,SILVER,Delhi,2025-03-12,Y
C01306,Amit_1306,PLATINUM,Pune,2026-04-12,Y
C01307,Vikram_1307,SILVER,Pune,2024-10-27,Y
C01308,Riya_1308,GOLD,Ahmedabad,2025-04-23,Y
C01309,Priya_1309,BRONZE,Ahmedabad,2024-12-08,Y
C01310,Anuj_1310,PLATINUM,Mumbai,2025-01-18,Y
C01311,Arjun_1311,GOLD,Pune,2023-11-15,Y
C01312,Riya_1312,BRONZE,Chennai,2024-05-08,Y
C01313,Vikram_1313,SILVER,Hyderabad,2024-04-21,Y
C01314,Priya_1314,BRONZE,Noida,2025-10-28,Y
C01315,Amit_1315,GOLD,Ahmedabad,2024-04-06,Y
C01316,Vikram_1316,BRONZE,Mumbai,2023-02-21,Y
C01317,Priya_1317,BRONZE,Kolkata,2023-06-23,Y
C01318,Karan_1318,GOLD,Hyderabad,2025-06-02,Y
C01319,Neha_1319,SILVER,Ahmedabad,2023-04-04,Y
C01320,Amit_1320,SILVER,Mumbai,2024-12-01,Y
C01321,Riya_1321,BRONZE,Pune,2025-04-16,Y
C01322,Neha_1322,SILVER,Kolkata,2023-10-08,Y
C01323,Sneha_1323,BRONZE,Pune,2023-05-12,Y
C01324,Neha_1324,SILVER,Jaipur,2023-08-21,Y
C01325,Anuj_1325,BRONZE,Delhi,2026-03-28,Y
C01326,Karan_1326,SILVER,Hyderabad,2025-02-04,Y
C01327,Amit_1327,BRONZE,Bangalore,2024-03-08,Y
C01328,Amit_1328,BRONZE,Chennai,2025-10-16,Y
C01329,Vikram_1329,BRONZE,Jaipur,2026-03-23,Y
C01330,Anuj_1330,BRONZE,Pune,2024-10-07,Y
C01331,Sneha_1331,BRONZE,Noida,2025-12-19,Y
C01332,Neha_1332,BRONZE,Hyderabad,2023-01-21,Y
C01333,Neha_1333,PLATINUM,Noida,2026-01-07,Y
C01334,Vikram_1334,SILVER,Chennai,2025-03-03,Y
C01335,Vikram_1335,PLATINUM,Bangalore,2025-06-25,Y
C01336,Anuj_1336,GOLD,Pune,2023-09-08,Y
C01337,Arjun_1337,SILVER,Delhi,2024-09-29,Y
C01338,Priya_1338,SILVER,Jaipur,2024-11-12,Y
C01339,Vikram_1339,BRONZE,Mumbai,2025-07-12,Y
C01340,Karan_1340,SILVER,Kolkata,2025-07-24,Y
C01341,Sneha_1341,BRONZE,Noida,2025-05-22,Y
C01342,Sneha_1342,GOLD,Delhi,2026-01-15,Y
C01343,Neha_1343,BRONZE,Noida,2024-11-25,Y
C01344,Amit_1344,SILVER,Ahmedabad,2023-01-19,Y
C01345,Amit_1345,BRONZE,Kolkata,2023-08-04,Y
C01346,Neha_1346,SILVER,Pune,2024-08-17,Y
C01347,Riya_1347,BRONZE,Jaipur,2025-08-12,Y
C01348,Neha_1348,GOLD,Chennai,2023-05-17,Y
C01349,Sneha_1349,BRONZE,Pune,2023-10-18,Y
C01350,Rahul_1350,BRONZE,Bangalore,2025-02-20,Y
C01351,Anuj_1351,SILVER,Mumbai,2025-10-21,Y
C01352,Priya_1352,BRONZE,Delhi,2023-11-19,Y
C01353,Anuj_1353,GOLD,Ahmedabad,2025-03-14,Y
C01354,Rahul_1354,SILVER,Hyderabad,2024-08-01,Y
C01355,Arjun_1355,BRONZE,Ahmedabad,2023-08-19,Y
C01356,Neha_1356,SILVER,Noida,2023-12-12,Y
C01357,Sneha_1357,SILVER,Pune,2023-03-18,Y
C01358,Vikram_1358,BRONZE,Delhi,2023-11-08,Y
C01359,Priya_1359,SILVER,Mumbai,2025-12-04,Y
C01360,Rahul_1360,BRONZE,Mumbai,2025-07-27,Y
C01361,Priya_1361,GOLD,Noida,2025-07-30,Y
C01362,Neha_1362,GOLD,Pune,2023-04-20,Y
C01363,Karan_1363,BRONZE,Noida,2024-08-12,Y
C01364,Sneha_1364,BRONZE,Mumbai,2024-05-12,Y
C01365,Rahul_1365,GOLD,Bangalore,2025-01-19,Y
C01366,Riya_1366,BRONZE,Jaipur,2024-02-15,Y
C01367,Amit_1367,SILVER,Mumbai,2023-11-30,Y
C01368,Rahul_1368,BRONZE,Chennai,2025-01-01,Y
C01369,Vikram_1369,GOLD,Noida,2023-11-04,Y
C01370,Sneha_1370,SILVER,Pune,2023-07-22,Y
C01371,Rahul_1371,BRONZE,Ahmedabad,2024-06-20,Y
C01372,Arjun_1372,BRONZE,Hyderabad,2023-11-16,Y
C01373,Anuj_1373,SILVER,Delhi,2024-01-23,Y
C01374,Karan_1374,BRONZE,Ahmedabad,2025-01-11,Y
C01375,Karan_1375,BRONZE,Mumbai,2025-11-25,Y
C01376,Amit_1376,GOLD,Mumbai,2024-03-31,Y
C01377,Anuj_1377,BRONZE,Bangalore,2025-02-17,Y
C01378,Riya_1378,BRONZE,Noida,2026-01-02,Y
C01379,Vikram_1379,BRONZE,Mumbai,2026-01-05,Y
C01380,Amit_1380,BRONZE,Mumbai,2023-08-23,Y
C01381,Rahul_1381,BRONZE,Kolkata,2025-02-16,Y
C01382,Karan_1382,BRONZE,Jaipur,2024-10-10,Y
C01383,Vikram_1383,SILVER,Noida,2025-08-01,Y
C01384,Riya_1384,BRONZE,Hyderabad,2025-09-19,Y
C01385,Amit_1385,PLATINUM,Noida,2023-08-09,Y
C01386,Karan_1386,BRONZE,Bangalore,2024-09-18,Y
C01387,Karan_1387,BRONZE,Bangalore,2023-07-30,Y
C01388,Priya_1388,BRONZE,Kolkata,2024-11-12,Y
C01389,Sneha_1389,GOLD,Delhi,2025-06-28,Y
C01390,Amit_1390,SILVER,Jaipur,2024-07-30,Y
C01391,Vikram_1391,BRONZE,Ahmedabad,2025-06-01,Y
C01392,Neha_1392,GOLD,Hyderabad,2025-04-02,Y
C01393,Neha_1393,BRONZE,Noida,2026-04-08,Y
C01394,Priya_1394,BRONZE,Noida,2023-11-23,Y
C01395,Anuj_1395,SILVER,Ahmedabad,2025-03-02,Y
C01396,Amit_1396,SILVER,Kolkata,2024-12-28,Y
C01397,Anuj_1397,BRONZE,Ahmedabad,2023-08-08,Y
C01398,Anuj_1398,BRONZE,Bangalore,2024-04-25,Y
C01399,Arjun_1399,PLATINUM,Pune,2024-12-26,Y
C01400,Priya_1400,GOLD,Delhi,2025-06-07,Y
C01401,Anuj_1401,BRONZE,Mumbai,2024-08-28,Y
C01402,Arjun_1402,BRONZE,Delhi,2026-02-27,Y
C01403,Sneha_1403,GOLD,Chennai,2026-04-08,Y
C01404,Karan_1404,BRONZE,Bangalore,2025-11-13,Y
C01405,Anuj_1405,GOLD,Kolkata,2024-03-15,Y
C01406,Priya_1406,BRONZE,Mumbai,2023-03-18,Y
C01407,Neha_1407,PLATINUM,Ahmedabad,2023-07-04,Y
C01408,Priya_1408,SILVER,Hyderabad,2024-04-09,Y
C01409,Anuj_1409,BRONZE,Ahmedabad,2026-01-23,Y
C01410,Neha_1410,BRONZE,Kolkata,2024-11-04,Y
C01411,Arjun_1411,BRONZE,Chennai,2023-09-23,Y
C01412,Arjun_1412,SILVER,Hyderabad,2024-03-27,Y
C01413,Sneha_1413,BRONZE,Bangalore,2023-09-09,Y
C01414,Sneha_1414,GOLD,Pune,2025-06-18,Y
C01415,Anuj_1415,SILVER,Ahmedabad,2026-01-25,Y
C01416,Priya_1416,SILVER,Ahmedabad,2025-09-29,Y
C01417,Riya_1417,GOLD,Jaipur,2024-05-25,Y
C01418,Riya_1418,SILVER,Ahmedabad,2023-02-26,Y
C01419,Neha_1419,SILVER,Ahmedabad,2025-05-15,Y
C01420,Rahul_1420,BRONZE,Mumbai,2023-01-13,Y
C01421,Riya_1421,BRONZE,Pune,2026-03-29,Y
C01422,Vikram_1422,GOLD,Delhi,2025-03-03,Y
C01423,Priya_1423,BRONZE,Mumbai,2026-01-31,Y
C01424,Karan_1424,SILVER,Jaipur,2023-06-19,Y
C01425,Karan_1425,SILVER,Jaipur,2025-10-19,Y
C01426,Neha_1426,GOLD,Noida,2025-08-06,Y
C01427,Priya_1427,BRONZE,Chennai,2023-01-10,Y
C01428,Vikram_1428,BRONZE,Jaipur,2023-09-14,Y
C01429,Riya_1429,SILVER,Delhi,2025-11-07,Y
C01430,Sneha_1430,GOLD,Ahmedabad,2024-07-20,Y
C01431,Arjun_1431,PLATINUM,Mumbai,2023-01-06,Y
C01432,Sneha_1432,BRONZE,Mumbai,2024-10-24,Y
C01433,Neha_1433,SILVER,Bangalore,2023-10-23,Y
C01434,Vikram_1434,BRONZE,Chennai,2026-02-05,Y
C01435,Amit_1435,BRONZE,Chennai,2023-01-04,Y
C01436,Vikram_1436,SILVER,Pune,2025-01-11,Y
C01437,Neha_1437,BRONZE,Jaipur,2026-02-17,Y
C01438,Vikram_1438,BRONZE,Ahmedabad,2024-10-20,Y
C01439,Sneha_1439,PLATINUM,Jaipur,2026-03-27,Y
C01440,Karan_1440,GOLD,Chennai,2025-06-30,Y
C01441,Amit_1441,GOLD,Bangalore,2024-06-04,Y
C01442,Anuj_1442,SILVER,Pune,2023-08-15,Y
C01443,Rahul_1443,GOLD,Noida,2025-01-30,Y
C01444,Riya_1444,GOLD,Ahmedabad,2024-04-30,Y
C01445,Arjun_1445,SILVER,Noida,2025-04-19,Y
C01446,Anuj_1446,SILVER,Noida,2026-02-20,Y
C01447,Amit_1447,GOLD,Noida,2023-04-04,Y
C01448,Neha_1448,BRONZE,Noida,2023-09-10,Y
C01449,Rahul_1449,GOLD,Kolkata,2024-01-04,Y
C01450,Amit_1450,BRONZE,Jaipur,2026-01-19,Y
C01451,Rahul_1451,GOLD,Pune,2023-01-26,Y
C01452,Riya_1452,BRONZE,Noida,2024-02-15,Y
C01453,Arjun_1453,SILVER,Ahmedabad,2025-02-05,Y
C01454,Vikram_1454,SILVER,Chennai,2023-05-03,Y
C01455,Amit_1455,GOLD,Hyderabad,2023-12-06,Y
C01456,Priya_1456,GOLD,Chennai,2025-06-09,Y
C01457,Vikram_1457,BRONZE,Delhi,2024-12-03,Y
C01458,Vikram_1458,GOLD,Noida,2025-09-27,Y
C01459,Arjun_1459,SILVER,Mumbai,2023-02-17,Y
C01460,Arjun_1460,BRONZE,Bangalore,2024-06-28,Y
C01461,Sneha_1461,BRONZE,Chennai,2023-01-02,Y
C01462,Sneha_1462,BRONZE,Delhi,2023-07-16,Y
C01463,Karan_1463,BRONZE,Chennai,2024-07-02,Y
C01464,Riya_1464,SILVER,Ahmedabad,2023-07-30,Y
C01465,Anuj_1465,BRONZE,Delhi,2024-08-13,Y
C01466,Karan_1466,SILVER,Chennai,2023-05-17,Y
C01467,Amit_1467,BRONZE,Bangalore,2023-11-11,Y
C01468,Amit_1468,GOLD,Pune,2024-11-30,Y
C01469,Sneha_1469,BRONZE,Pune,2023-05-29,Y
C01470,Amit_1470,GOLD,Delhi,2024-05-18,Y
C01471,Karan_1471,BRONZE,Mumbai,2024-01-28,Y
C01472,Karan_1472,GOLD,Delhi,2024-01-09,Y
C01473,Anuj_1473,SILVER,Mumbai,2025-01-27,Y
C01474,Rahul_1474,GOLD,Kolkata,2023-06-18,Y
C01475,Anuj_1475,GOLD,Hyderabad,2024-04-20,Y
C01476,Neha_1476,BRONZE,Delhi,2025-02-02,Y
C01477,Vikram_1477,PLATINUM,Ahmedabad,2025-06-03,N
C01478,Sneha_1478,GOLD,Ahmedabad,2025-06-26,Y
C01479,Riya_1479,BRONZE,Ahmedabad,2024-10-23,Y
C01480,Anuj_1480,BRONZE,Bangalore,2024-04-18,Y
C01481,Rahul_1481,SILVER,Bangalore,2023-10-22,Y
C01482,Neha_1482,BRONZE,Chennai,2023-09-26,Y
C01483,Vikram_1483,BRONZE,Kolkata,2024-02-06,Y
C01484,Priya_1484,BRONZE,Bangalore,2025-01-21,Y
C01485,Vikram_1485,SILVER,Kolkata,2023-06-09,Y
C01486,Riya_1486,BRONZE,Bangalore,2023-08-27,Y
C01487,Rahul_1487,BRONZE,Mumbai,2024-10-08,Y
C01488,Karan_1488,BRONZE,Ahmedabad,2025-01-27,Y
C01489,Priya_1489,SILVER,Jaipur,2023-09-09,Y
C01490,Anuj_1490,GOLD,Bangalore,2026-04-05,Y
C01491,Riya_1491,BRONZE,Bangalore,2025-08-24,Y
C01492,Arjun_1492,BRONZE,Kolkata,2025-05-16,Y
C01493,Riya_1493,GOLD,Kolkata,2025-03-21,Y
C01494,Sneha_1494,GOLD,Noida,2025-04-05,Y
C01495,Amit_1495,GOLD,Chennai,2024-05-01,Y
C01496,Anuj_1496,GOLD,Ahmedabad,2024-12-16,Y
C01497,Riya_1497,SILVER,Ahmedabad,2023-01-23,Y
C01498,Neha_1498,BRONZE,Mumbai,2025-09-21,Y
C01499,Amit_1499,SILVER,Jaipur,2025-07-22,Y
C01500,Karan_1500,SILVER,Ahmedabad,2023-12-06,Y
C01501,Sneha_1501,SILVER,Mumbai,2023-03-01,Y
C01502,Priya_1502,BRONZE,Kolkata,2023-11-02,Y
C01503,Sneha_1503,BRONZE,Chennai,2025-12-26,Y
C01504,Vikram_1504,SILVER,Hyderabad,2025-06-06,Y
C01505,Neha_1505,SILVER,Kolkata,2023-07-25,Y
C01506,Vikram_1506,GOLD,Kolkata,2025-10-07,Y
C01507,Riya_1507,BRONZE,Mumbai,2023-01-30,Y
C01508,Karan_1508,BRONZE,Delhi,2025-10-05,Y
C01509,Sneha_1509,GOLD,Chennai,2024-06-04,Y
C01510,Rahul_1510,SILVER,Ahmedabad,2026-01-20,Y
C01511,Rahul_1511,BRONZE,Bangalore,2024-12-21,Y
C01512,Amit_1512,PLATINUM,Kolkata,2024-03-05,Y
C01513,Neha_1513,PLATINUM,Jaipur,2023-07-07,Y
C01514,Karan_1514,GOLD,Jaipur,2023-07-11,Y
C01515,Sneha_1515,BRONZE,Hyderabad,2023-01-23,Y
C01516,Neha_1516,PLATINUM,Pune,2026-03-07,Y
C01517,Riya_1517,SILVER,Noida,2025-11-24,Y
C01518,Amit_1518,GOLD,Bangalore,2024-12-28,Y
C01519,Priya_1519,BRONZE,Kolkata,2023-06-04,Y
C01520,Sneha_1520,BRONZE,Bangalore,2024-09-08,Y
C01521,Vikram_1521,GOLD,Hyderabad,2024-11-23,Y
C01522,Amit_1522,BRONZE,Ahmedabad,2024-04-04,Y
C01523,Sneha_1523,BRONZE,Delhi,2024-01-09,Y
C01524,Priya_1524,BRONZE,Chennai,2024-07-25,Y
C01525,Rahul_1525,SILVER,Delhi,2025-01-01,Y
C01526,Vikram_1526,GOLD,Noida,2023-07-26,Y
C01527,Sneha_1527,GOLD,Jaipur,2024-06-30,Y
C01528,Sneha_1528,BRONZE,Delhi,2023-07-18,Y
C01529,Neha_1529,SILVER,Kolkata,2025-11-24,Y
C01530,Sneha_1530,PLATINUM,Noida,2024-07-19,Y
C01531,Riya_1531,SILVER,Pune,2023-06-22,Y
C01532,Priya_1532,PLATINUM,Hyderabad,2026-04-10,Y
C01533,Priya_1533,BRONZE,Jaipur,2023-03-11,Y
C01534,Priya_1534,BRONZE,Pune,2023-08-17,Y
C01535,Sneha_1535,BRONZE,Ahmedabad,2025-01-02,Y
C01536,Rahul_1536,BRONZE,Noida,2023-07-18,Y
C01537,Anuj_1537,SILVER,Jaipur,2026-02-15,Y
C01538,Priya_1538,PLATINUM,Bangalore,2023-04-09,Y
C01539,Rahul_1539,BRONZE,Noida,2025-06-09,Y
C01540,Neha_1540,BRONZE,Mumbai,2024-10-04,Y
C01541,Priya_1541,SILVER,Jaipur,2023-03-22,Y
C01542,Amit_1542,BRONZE,Ahmedabad,2024-09-10,Y
C01543,Neha_1543,GOLD,Kolkata,2023-10-05,Y
C01544,Karan_1544,BRONZE,Delhi,2024-10-23,Y
C01545,Amit_1545,GOLD,Mumbai,2025-01-08,Y
C01546,Priya_1546,BRONZE,Chennai,2025-01-04,Y
C01547,Neha_1547,BRONZE,Kolkata,2024-05-12,Y
C01548,Sneha_1548,SILVER,Pune,2024-01-04,Y
C01549,Anuj_1549,PLATINUM,Jaipur,2026-01-27,Y
C01550,Rahul_1550,SILVER,Mumbai,2024-07-25,Y
C01551,Karan_1551,SILVER,Bangalore,2025-05-01,Y
C01552,Neha_1552,BRONZE,Delhi,2024-07-16,Y
C01553,Rahul_1553,SILVER,Jaipur,2024-03-20,Y
C01554,Karan_1554,BRONZE,Chennai,2024-04-03,Y
C01555,Priya_1555,BRONZE,Hyderabad,2023-03-31,Y
C01556,Vikram_1556,SILVER,Jaipur,2025-12-24,Y
C01557,Arjun_1557,BRONZE,Jaipur,2023-06-26,Y
C01558,Karan_1558,BRONZE,Delhi,2025-07-03,Y
C01559,Priya_1559,BRONZE,Kolkata,2025-01-15,Y
C01560,Amit_1560,GOLD,Jaipur,2025-11-05,Y
C01561,Riya_1561,SILVER,Kolkata,2024-11-01,Y
C01562,Amit_1562,BRONZE,Mumbai,2025-05-18,Y
C01563,Amit_1563,GOLD,Kolkata,2025-04-19,Y
C01564,Riya_1564,GOLD,Kolkata,2023-12-14,Y
C01565,Riya_1565,GOLD,Pune,2023-02-05,Y
C01566,Karan_1566,GOLD,Hyderabad,2024-04-08,Y
C01567,Karan_1567,BRONZE,Hyderabad,2023-12-17,Y
C01568,Arjun_1568,GOLD,Delhi,2023-11-05,Y
C01569,Vikram_1569,PLATINUM,Chennai,2024-09-02,Y
C01570,Riya_1570,GOLD,Kolkata,2024-02-13,Y
C01571,Rahul_1571,BRONZE,Jaipur,2025-01-27,Y
C01572,Arjun_1572,BRONZE,Hyderabad,2025-03-14,Y
C01573,Priya_1573,BRONZE,Ahmedabad,2023-06-03,Y
C01574,Karan_1574,GOLD,Chennai,2026-02-03,Y
C01575,Priya_1575,BRONZE,Hyderabad,2023-02-19,Y
C01576,Rahul_1576,SILVER,Noida,2025-11-17,Y
C01577,Amit_1577,BRONZE,Chennai,2024-08-26,Y
C01578,Vikram_1578,SILVER,Jaipur,2024-01-17,Y
C01579,Arjun_1579,SILVER,Ahmedabad,2023-02-26,Y
C01580,Vikram_1580,BRONZE,Kolkata,2023-04-04,Y
C01581,Arjun_1581,SILVER,Kolkata,2023-01-07,Y
C01582,Amit_1582,SILVER,Ahmedabad,2025-03-11,Y
C01583,Anuj_1583,BRONZE,Ahmedabad,2026-03-16,Y
C01584,Rahul_1584,BRONZE,Bangalore,2025-10-21,Y
C01585,Neha_1585,SILVER,Mumbai,2025-09-24,Y
C01586,Arjun_1586,BRONZE,Noida,2024-08-18,Y
C01587,Riya_1587,BRONZE,Ahmedabad,2024-04-29,Y
C01588,Sneha_1588,SILVER,Noida,2023-11-13,Y
C01589,Neha_1589,SILVER,Mumbai,2025-12-31,Y
C01590,Rahul_1590,BRONZE,Ahmedabad,2023-05-10,Y
C01591,Rahul_1591,GOLD,Mumbai,2024-04-24,Y
C01592,Anuj_1592,SILVER,Ahmedabad,2025-09-01,Y
C01593,Anuj_1593,BRONZE,Mumbai,2024-12-11,Y
C01594,Sneha_1594,BRONZE,Bangalore,2025-06-23,Y
C01595,Amit_1595,BRONZE,Hyderabad,2025-10-31,Y
C01596,Karan_1596,SILVER,Pune,2024-07-31,Y
C01597,Rahul_1597,SILVER,Hyderabad,2025-10-19,Y
C01598,Karan_1598,SILVER,Noida,2025-11-24,Y
C01599,Riya_1599,SILVER,Ahmedabad,2025-07-10,Y
C01600,Sneha_1600,SILVER,Noida,2023-12-04,Y
C01601,Karan_1601,GOLD,Ahmedabad,2026-03-30,Y
C01602,Priya_1602,BRONZE,Chennai,2024-04-20,Y
C01603,Rahul_1603,SILVER,Bangalore,2023-05-12,Y
C01604,Amit_1604,BRONZE,Mumbai,2026-04-10,Y
C01605,Arjun_1605,SILVER,Jaipur,2026-02-13,Y
C01606,Neha_1606,BRONZE,Pune,2023-12-11,Y
C01607,Arjun_1607,BRONZE,Pune,2025-04-16,Y
C01608,Sneha_1608,SILVER,Noida,2024-03-02,Y
C01609,Amit_1609,BRONZE,Bangalore,2023-05-23,Y
C01610,Amit_1610,BRONZE,Chennai,2023-07-12,Y
C01611,Priya_1611,BRONZE,Jaipur,2025-05-10,Y
C01612,Arjun_1612,SILVER,Bangalore,2024-07-25,Y
C01613,Amit_1613,SILVER,Delhi,2024-01-20,Y
C01614,Sneha_1614,BRONZE,Mumbai,2025-12-22,Y
C01615,Vikram_1615,BRONZE,Delhi,2023-11-05,Y
C01616,Priya_1616,BRONZE,Hyderabad,2025-04-02,Y
C01617,Arjun_1617,BRONZE,Chennai,2025-09-10,Y
C01618,Vikram_1618,SILVER,Pune,2025-10-06,Y
C01619,Priya_1619,BRONZE,Mumbai,2024-02-27,Y
C01620,Anuj_1620,SILVER,Noida,2024-12-15,Y
C01621,Sneha_1621,PLATINUM,Pune,2024-07-08,Y
C01622,Neha_1622,BRONZE,Bangalore,2024-12-31,Y
C01623,Priya_1623,SILVER,Noida,2026-02-05,Y
C01624,Karan_1624,SILVER,Ahmedabad,2025-02-15,Y
C01625,Neha_1625,SILVER,Bangalore,2024-08-16,Y
C01626,Amit_1626,SILVER,Pune,2025-08-21,Y
C01627,Karan_1627,BRONZE,Ahmedabad,2023-06-27,Y
C01628,Rahul_1628,BRONZE,Hyderabad,2023-04-26,Y
C01629,Vikram_1629,BRONZE,Hyderabad,2024-11-09,Y
C01630,Vikram_1630,BRONZE,Ahmedabad,2025-07-21,Y
C01631,Sneha_1631,BRONZE,Delhi,2023-07-20,Y
C01632,Riya_1632,BRONZE,Jaipur,2024-02-23,Y
C01633,Neha_1633,SILVER,Hyderabad,2023-02-03,Y
C01634,Amit_1634,GOLD,Ahmedabad,2025-06-11,Y
C01635,Arjun_1635,SILVER,Pune,2023-12-19,Y
C01636,Rahul_1636,SILVER,Pune,2026-02-24,Y
C01637,Anuj_1637,BRONZE,Delhi,2024-01-02,Y
C01638,Riya_1638,SILVER,Delhi,2023-04-05,Y
C01639,Vikram_1639,BRONZE,Hyderabad,2025-04-14,Y
C01640,Karan_1640,SILVER,Pune,2023-08-02,Y
C01641,Priya_1641,GOLD,Hyderabad,2025-01-31,Y
C01642,Priya_1642,SILVER,Noida,2025-05-18,Y
C01643,Riya_1643,BRONZE,Bangalore,2023-05-28,Y
C01644,Amit_1644,GOLD,Ahmedabad,2025-12-16,Y
C01645,Amit_1645,SILVER,Noida,2023-04-03,Y
C01646,Anuj_1646,GOLD,Bangalore,2026-02-21,Y
C01647,Neha_1647,BRONZE,Noida,2023-09-07,Y
C01648,Anuj_1648,BRONZE,Chennai,2025-04-22,Y
C01649,Neha_1649,BRONZE,Delhi,2024-02-22,Y
C01650,Rahul_1650,SILVER,Ahmedabad,2025-08-08,Y
C01651,Riya_1651,GOLD,Noida,2025-04-16,Y
C01652,Priya_1652,BRONZE,Delhi,2024-07-19,Y
C01653,Anuj_1653,BRONZE,Kolkata,2023-03-15,Y
C01654,Anuj_1654,PLATINUM,Kolkata,2024-01-12,Y
C01655,Sneha_1655,GOLD,Kolkata,2025-11-28,Y
C01656,Anuj_1656,SILVER,Jaipur,2023-09-23,Y
C01657,Amit_1657,SILVER,Mumbai,2023-10-19,Y
C01658,Anuj_1658,SILVER,Hyderabad,2025-12-11,Y
C01659,Anuj_1659,SILVER,Hyderabad,2023-11-18,Y
C01660,Vikram_1660,BRONZE,Noida,2024-02-09,Y
C01661,Sneha_1661,BRONZE,Mumbai,2023-09-15,Y
C01662,Vikram_1662,BRONZE,Bangalore,2025-12-27,Y
C01663,Priya_1663,PLATINUM,Jaipur,2024-08-14,Y
C01664,Karan_1664,SILVER,Jaipur,2023-03-28,Y
C01665,Rahul_1665,BRONZE,Bangalore,2025-05-03,Y
C01666,Anuj_1666,PLATINUM,Pune,2023-02-01,Y
C01667,Vikram_1667,BRONZE,Ahmedabad,2023-04-12,Y
C01668,Amit_1668,GOLD,Mumbai,2026-04-09,Y
C01669,Arjun_1669,BRONZE,Bangalore,2026-04-10,Y
C01670,Riya_1670,BRONZE,Kolkata,2023-12-11,Y
C01671,Sneha_1671,BRONZE,Noida,2024-10-17,Y
C01672,Amit_1672,BRONZE,Hyderabad,2025-06-15,Y
C01673,Rahul_1673,BRONZE,Delhi,2024-07-17,Y
C01674,Amit_1674,BRONZE,Hyderabad,2024-02-12,Y
C01675,Amit_1675,BRONZE,Ahmedabad,2025-12-16,Y
C01676,Rahul_1676,BRONZE,Jaipur,2024-08-25,Y
C01677,Anuj_1677,BRONZE,Pune,2026-01-19,Y
C01678,Anuj_1678,SILVER,Kolkata,2023-12-15,Y
C01679,Rahul_1679,GOLD,Bangalore,2025-07-07,Y
C01680,Anuj_1680,BRONZE,Ahmedabad,2023-05-19,Y
C01681,Sneha_1681,SILVER,Delhi,2026-04-15,Y
C01682,Neha_1682,PLATINUM,Noida,2023-03-14,Y
C01683,Priya_1683,BRONZE,Kolkata,2023-07-10,Y
C01684,Anuj_1684,SILVER,Kolkata,2026-01-18,Y
C01685,Vikram_1685,BRONZE,Pune,2025-12-14,Y
C01686,Sneha_1686,SILVER,Delhi,2025-02-07,Y
C01687,Rahul_1687,BRONZE,Mumbai,2024-02-14,Y
C01688,Anuj_1688,SILVER,Kolkata,2024-10-06,N
C01689,Rahul_1689,GOLD,Ahmedabad,2024-03-28,Y
C01690,Vikram_1690,SILVER,Delhi,2025-09-21,Y
C01691,Karan_1691,SILVER,Hyderabad,2023-01-27,Y
C01692,Arjun_1692,BRONZE,Chennai,2025-05-28,Y
C01693,Karan_1693,GOLD,Kolkata,2024-09-03,Y
C01694,Neha_1694,GOLD,Mumbai,2023-09-22,Y
C01695,Karan_1695,BRONZE,Hyderabad,2025-09-02,Y
C01696,Riya_1696,BRONZE,Bangalore,2023-08-01,Y
C01697,Neha_1697,BRONZE,Bangalore,2025-07-30,Y
C01698,Priya_1698,SILVER,Noida,2024-08-22,Y
C01699,Anuj_1699,BRONZE,Delhi,2023-04-19,Y
C01700,Anuj_1700,BRONZE,Mumbai,2023-01-20,Y
C01701,Neha_1701,BRONZE,Mumbai,2023-07-17,Y
C01702,Anuj_1702,PLATINUM,Delhi,2023-10-11,Y
C01703,Anuj_1703,SILVER,Hyderabad,2024-09-07,Y
C01704,Sneha_1704,SILVER,Kolkata,2026-01-18,Y
C01705,Riya_1705,SILVER,Mumbai,2024-03-21,Y
C01706,Anuj_1706,SILVER,Jaipur,2023-09-20,Y
C01707,Anuj_1707,BRONZE,Pune,2024-06-18,Y
C01708,Priya_1708,SILVER,Kolkata,2025-03-21,Y
C01709,Neha_1709,SILVER,Bangalore,2024-10-27,Y
C01710,Karan_1710,GOLD,Kolkata,2025-05-30,Y
C01711,Vikram_1711,BRONZE,Hyderabad,2025-03-12,Y
C01712,Priya_1712,SILVER,Mumbai,2024-12-30,Y
C01713,Rahul_1713,GOLD,Delhi,2026-01-29,Y
C01714,Sneha_1714,BRONZE,Delhi,2023-03-27,Y
C01715,Amit_1715,SILVER,Bangalore,2024-11-02,Y
C01716,Sneha_1716,SILVER,Jaipur,2023-11-09,Y
C01717,Rahul_1717,GOLD,Pune,2025-04-12,Y
C01718,Riya_1718,PLATINUM,Chennai,2023-06-28,Y
C01719,Karan_1719,SILVER,Jaipur,2026-01-16,Y
C01720,Sneha_1720,BRONZE,Chennai,2025-07-08,Y
C01721,Vikram_1721,BRONZE,Kolkata,2026-01-23,Y
C01722,Vikram_1722,BRONZE,Hyderabad,2023-05-13,Y
C01723,Anuj_1723,BRONZE,Jaipur,2024-08-02,Y
C01724,Vikram_1724,BRONZE,Delhi,2024-03-02,Y
C01725,Riya_1725,BRONZE,Delhi,2024-04-09,Y
C01726,Rahul_1726,BRONZE,Delhi,2023-08-14,Y
C01727,Amit_1727,PLATINUM,Noida,2025-06-30,Y
C01728,Amit_1728,BRONZE,Kolkata,2023-11-11,Y
C01729,Amit_1729,SILVER,Kolkata,2023-06-12,Y
C01730,Neha_1730,SILVER,Chennai,2026-03-24,Y
C01731,Vikram_1731,SILVER,Jaipur,2023-06-13,Y
C01732,Sneha_1732,SILVER,Delhi,2024-09-21,Y
C01733,Sneha_1733,BRONZE,Jaipur,2024-02-07,Y
C01734,Sneha_1734,BRONZE,Chennai,2025-04-05,Y
C01735,Arjun_1735,GOLD,Ahmedabad,2025-10-28,Y
C01736,Sneha_1736,SILVER,Delhi,2026-02-25,Y
C01737,Amit_1737,SILVER,Hyderabad,2025-02-26,Y
C01738,Sneha_1738,SILVER,Kolkata,2025-04-07,Y
C01739,Amit_1739,GOLD,Mumbai,2025-12-27,Y
C01740,Neha_1740,BRONZE,Delhi,2023-08-26,Y
C01741,Rahul_1741,BRONZE,Jaipur,2024-04-25,Y
C01742,Arjun_1742,SILVER,Mumbai,2024-09-15,Y
C01743,Amit_1743,GOLD,Noida,2024-01-03,Y
C01744,Anuj_1744,BRONZE,Noida,2025-11-30,Y
C01745,Rahul_1745,PLATINUM,Noida,2024-02-05,Y
C01746,Karan_1746,GOLD,Delhi,2025-09-07,Y
C01747,Anuj_1747,BRONZE,Bangalore,2023-04-12,Y
C01748,Sneha_1748,GOLD,Jaipur,2023-12-17,Y
C01749,Sneha_1749,GOLD,Mumbai,2024-09-15,Y
C01750,Sneha_1750,SILVER,Jaipur,2023-12-02,Y
C01751,Amit_1751,GOLD,Hyderabad,2025-11-11,Y
C01752,Neha_1752,BRONZE,Chennai,2025-06-18,Y
C01753,Vikram_1753,GOLD,Pune,2025-10-12,Y
C01754,Amit_1754,GOLD,Pune,2024-11-22,Y
C01755,Arjun_1755,SILVER,Mumbai,2024-01-02,Y
C01756,Priya_1756,SILVER,Noida,2023-04-19,Y
C01757,Riya_1757,BRONZE,Noida,2025-09-27,Y
C01758,Amit_1758,GOLD,Ahmedabad,2023-07-24,Y
C01759,Neha_1759,BRONZE,Jaipur,2023-01-22,Y
C01760,Karan_1760,BRONZE,Ahmedabad,2024-08-05,Y
C01761,Anuj_1761,GOLD,Pune,2024-12-09,Y
C01762,Priya_1762,GOLD,Hyderabad,2023-07-06,Y
C01763,Neha_1763,SILVER,Chennai,2023-08-10,Y
C01764,Rahul_1764,BRONZE,Pune,2025-12-03,Y
C01765,Vikram_1765,GOLD,Chennai,2025-11-26,Y
C01766,Anuj_1766,GOLD,Jaipur,2023-07-30,Y
C01767,Rahul_1767,SILVER,Delhi,2025-11-26,Y
C01768,Priya_1768,SILVER,Mumbai,2024-02-03,Y
C01769,Karan_1769,BRONZE,Chennai,2024-04-18,Y
C01770,Anuj_1770,BRONZE,Hyderabad,2024-11-19,Y
C01771,Karan_1771,GOLD,Jaipur,2023-10-29,Y
C01772,Riya_1772,BRONZE,Delhi,2025-04-13,Y
C01773,Arjun_1773,BRONZE,Ahmedabad,2024-08-30,Y
C01774,Rahul_1774,BRONZE,Pune,2023-05-11,Y
C01775,Vikram_1775,SILVER,Ahmedabad,2023-11-17,Y
C01776,Riya_1776,BRONZE,Hyderabad,2025-09-21,Y
C01777,Amit_1777,BRONZE,Mumbai,2025-06-29,Y
C01778,Anuj_1778,BRONZE,Hyderabad,2026-01-07,Y
C01779,Priya_1779,BRONZE,Mumbai,2023-04-02,Y
C01780,Priya_1780,BRONZE,Bangalore,2026-04-03,Y
C01781,Anuj_1781,SILVER,Bangalore,2024-12-16,Y
C01782,Arjun_1782,GOLD,Chennai,2023-06-18,Y
C01783,Anuj_1783,SILVER,Noida,2023-10-11,Y
C01784,Vikram_1784,BRONZE,Bangalore,2024-04-10,Y
C01785,Neha_1785,SILVER,Hyderabad,2025-06-04,Y
C01786,Rahul_1786,BRONZE,Pune,2023-04-19,Y
C01787,Arjun_1787,SILVER,Pune,2023-03-02,Y
C01788,Vikram_1788,BRONZE,Bangalore,2023-06-26,Y
C01789,Rahul_1789,GOLD,Ahmedabad,2025-02-25,Y
C01790,Sneha_1790,GOLD,Jaipur,2026-02-10,Y
C01791,Vikram_1791,PLATINUM,Noida,2024-08-20,Y
C01792,Sneha_1792,BRONZE,Mumbai,2025-10-26,Y
C01793,Anuj_1793,GOLD,Hyderabad,2024-09-02,Y
C01794,Vikram_1794,BRONZE,Noida,2023-09-23,Y
C01795,Amit_1795,SILVER,Mumbai,2023-05-11,Y
C01796,Vikram_1796,GOLD,Delhi,2025-04-26,Y
C01797,Neha_1797,SILVER,Bangalore,2025-01-30,Y
C01798,Rahul_1798,PLATINUM,Pune,2024-04-20,Y
C01799,Riya_1799,GOLD,Chennai,2025-02-18,Y
C01800,Amit_1800,PLATINUM,Delhi,2023-12-28,Y
C01801,Rahul_1801,SILVER,Noida,2023-04-24,Y
C01802,Arjun_1802,SILVER,Kolkata,2024-01-20,Y
C01803,Riya_1803,BRONZE,Delhi,2023-01-06,Y
C01804,Rahul_1804,BRONZE,Jaipur,2025-08-22,Y
C01805,Amit_1805,BRONZE,Hyderabad,2025-06-13,Y
C01806,Karan_1806,BRONZE,Hyderabad,2023-07-27,Y
C01807,Amit_1807,BRONZE,Jaipur,2026-04-08,Y
C01808,Sneha_1808,BRONZE,Pune,2023-12-25,Y
C01809,Arjun_1809,SILVER,Mumbai,2024-07-03,Y
C01810,Karan_1810,SILVER,Jaipur,2024-11-12,Y
C01811,Priya_1811,GOLD,Mumbai,2024-03-16,Y
C01812,Priya_1812,SILVER,Mumbai,2023-02-09,Y
C01813,Anuj_1813,SILVER,Hyderabad,2025-09-12,Y
C01814,Priya_1814,SILVER,Chennai,2025-04-03,Y
C01815,Amit_1815,GOLD,Bangalore,2024-08-21,Y
C01816,Amit_1816,GOLD,Delhi,2023-05-07,Y
C01817,Anuj_1817,BRONZE,Hyderabad,2023-08-08,Y
C01818,Karan_1818,BRONZE,Mumbai,2025-10-01,Y
C01819,Priya_1819,BRONZE,Jaipur,2025-02-23,Y
C01820,Vikram_1820,BRONZE,Jaipur,2023-02-22,Y
C01821,Amit_1821,SILVER,Hyderabad,2023-07-28,Y
C01822,Neha_1822,BRONZE,Chennai,2025-11-30,Y
C01823,Priya_1823,BRONZE,Pune,2026-02-16,Y
C01824,Rahul_1824,BRONZE,Delhi,2025-09-28,Y
C01825,Vikram_1825,BRONZE,Hyderabad,2023-11-21,Y
C01826,Amit_1826,BRONZE,Bangalore,2025-02-05,Y
C01827,Anuj_1827,SILVER,Kolkata,2026-01-15,Y
C01828,Rahul_1828,BRONZE,Hyderabad,2025-09-06,Y
C01829,Karan_1829,BRONZE,Noida,2024-03-05,Y
C01830,Riya_1830,BRONZE,Bangalore,2023-03-19,Y
C01831,Amit_1831,BRONZE,Kolkata,2023-05-07,Y
C01832,Amit_1832,PLATINUM,Delhi,2023-08-04,Y
C01833,Arjun_1833,BRONZE,Chennai,2023-04-13,Y
C01834,Rahul_1834,SILVER,Jaipur,2023-06-27,Y
C01835,Arjun_1835,SILVER,Mumbai,2026-01-30,Y
C01836,Karan_1836,BRONZE,Pune,2025-09-02,Y
C01837,Riya_1837,BRONZE,Noida,2023-11-28,Y
C01838,Neha_1838,BRONZE,Noida,2024-04-17,Y
C01839,Karan_1839,BRONZE,Pune,2023-10-06,Y
C01840,Anuj_1840,BRONZE,Chennai,2024-04-10,Y
C01841,Karan_1841,BRONZE,Bangalore,2024-01-07,Y
C01842,Karan_1842,SILVER,Chennai,2025-01-28,Y
C01843,Rahul_1843,PLATINUM,Mumbai,2024-08-05,Y
C01844,Arjun_1844,SILVER,Hyderabad,2023-11-19,Y
C01845,Priya_1845,SILVER,Ahmedabad,2025-12-27,Y
C01846,Amit_1846,PLATINUM,Jaipur,2026-01-25,Y
C01847,Arjun_1847,SILVER,Mumbai,2023-03-31,Y
C01848,Anuj_1848,SILVER,Ahmedabad,2024-12-11,Y
C01849,Arjun_1849,PLATINUM,Ahmedabad,2026-02-22,Y
C01850,Vikram_1850,SILVER,Hyderabad,2023-07-11,Y
C01851,Anuj_1851,BRONZE,Delhi,2023-07-17,Y
C01852,Riya_1852,BRONZE,Delhi,2025-01-13,Y
C01853,Rahul_1853,SILVER,Ahmedabad,2023-12-10,Y
C01854,Anuj_1854,GOLD,Ahmedabad,2024-03-08,Y
C01855,Priya_1855,BRONZE,Pune,2024-04-01,Y
C01856,Rahul_1856,BRONZE,Jaipur,2025-06-10,Y
C01857,Anuj_1857,SILVER,Pune,2024-08-19,Y
C01858,Vikram_1858,GOLD,Chennai,2023-10-16,Y
C01859,Karan_1859,PLATINUM,Ahmedabad,2025-06-12,Y
C01860,Amit_1860,GOLD,Hyderabad,2026-04-09,Y
C01861,Priya_1861,BRONZE,Chennai,2026-01-20,Y
C01862,Anuj_1862,SILVER,Pune,2023-01-21,Y
C01863,Anuj_1863,SILVER,Mumbai,2024-10-17,Y
C01864,Rahul_1864,SILVER,Ahmedabad,2024-06-13,Y
C01865,Sneha_1865,SILVER,Hyderabad,2024-12-03,Y
C01866,Vikram_1866,SILVER,Delhi,2024-09-03,Y
C01867,Sneha_1867,BRONZE,Mumbai,2024-05-01,Y
C01868,Anuj_1868,GOLD,Mumbai,2025-08-17,Y
C01869,Vikram_1869,SILVER,Kolkata,2024-05-30,Y
C01870,Amit_1870,BRONZE,Ahmedabad,2024-02-24,Y
C01871,Arjun_1871,BRONZE,Ahmedabad,2023-09-30,Y
C01872,Riya_1872,BRONZE,Jaipur,2023-10-18,Y
C01873,Amit_1873,SILVER,Delhi,2023-11-24,Y
C01874,Amit_1874,GOLD,Kolkata,2025-03-05,Y
C01875,Vikram_1875,BRONZE,Mumbai,2023-01-05,Y
C01876,Arjun_1876,BRONZE,Pune,2024-10-22,Y
C01877,Sneha_1877,GOLD,Pune,2023-07-08,Y
C01878,Vikram_1878,BRONZE,Pune,2023-07-16,Y
C01879,Sneha_1879,GOLD,Delhi,2023-02-23,Y
C01880,Arjun_1880,BRONZE,Noida,2024-08-31,Y
C01881,Rahul_1881,BRONZE,Ahmedabad,2023-01-12,Y
C01882,Rahul_1882,SILVER,Mumbai,2023-06-30,Y
C01883,Riya_1883,BRONZE,Jaipur,2025-10-14,Y
C01884,Sneha_1884,BRONZE,Noida,2024-10-13,Y
C01885,Sneha_1885,GOLD,Bangalore,2024-01-29,Y
C01886,Anuj_1886,GOLD,Ahmedabad,2025-05-29,Y
C01887,Sneha_1887,BRONZE,Pune,2025-04-07,Y
C01888,Arjun_1888,BRONZE,Kolkata,2024-12-01,Y
C01889,Riya_1889,SILVER,Jaipur,2025-08-18,Y
C01890,Riya_1890,BRONZE,Pune,2024-02-18,Y
C01891,Riya_1891,BRONZE,Pune,2024-01-23,Y
C01892,Karan_1892,GOLD,Jaipur,2024-07-01,Y
C01893,Priya_1893,PLATINUM,Jaipur,2026-01-31,Y
C01894,Anuj_1894,GOLD,Pune,2023-08-16,Y
C01895,Rahul_1895,BRONZE,Ahmedabad,2025-04-01,Y
C01896,Arjun_1896,SILVER,Mumbai,2025-04-28,Y
C01897,Arjun_1897,BRONZE,Kolkata,2023-11-18,Y
C01898,Karan_1898,GOLD,Delhi,2023-08-12,Y
C01899,Amit_1899,SILVER,Jaipur,2025-12-20,N
C01900,Arjun_1900,SILVER,Jaipur,2025-07-03,Y
C01901,Arjun_1901,SILVER,Mumbai,2025-12-03,Y
C01902,Arjun_1902,PLATINUM,Delhi,2023-12-28,Y
C01903,Arjun_1903,GOLD,Chennai,2023-05-27,Y
C01904,Vikram_1904,GOLD,Ahmedabad,2023-04-04,Y
C01905,Anuj_1905,GOLD,Noida,2025-09-16,Y
C01906,Neha_1906,BRONZE,Pune,2024-08-24,Y
C01907,Vikram_1907,PLATINUM,Bangalore,2025-12-18,Y
C01908,Riya_1908,PLATINUM,Chennai,2024-03-07,Y
C01909,Priya_1909,SILVER,Noida,2025-08-28,Y
C01910,Sneha_1910,BRONZE,Hyderabad,2024-11-19,Y
C01911,Vikram_1911,BRONZE,Pune,2026-01-26,Y
C01912,Anuj_1912,SILVER,Kolkata,2023-02-28,Y
C01913,Riya_1913,BRONZE,Pune,2023-07-31,Y
C01914,Priya_1914,BRONZE,Mumbai,2024-01-22,Y
C01915,Sneha_1915,SILVER,Noida,2026-02-28,Y
C01916,Amit_1916,GOLD,Jaipur,2023-03-03,Y
C01917,Amit_1917,GOLD,Jaipur,2024-06-30,Y
C01918,Neha_1918,BRONZE,Jaipur,2023-04-30,Y
C01919,Rahul_1919,SILVER,Jaipur,2025-05-12,Y
C01920,Vikram_1920,SILVER,Pune,2025-08-01,Y
C01921,Amit_1921,BRONZE,Ahmedabad,2023-07-07,Y
C01922,Rahul_1922,SILVER,Chennai,2026-02-15,Y
C01923,Vikram_1923,SILVER,Mumbai,2025-06-20,Y
C01924,Riya_1924,GOLD,Bangalore,2025-02-14,Y
C01925,Sneha_1925,BRONZE,Noida,2025-08-27,Y
C01926,Sneha_1926,GOLD,Kolkata,2023-04-15,Y
C01927,Anuj_1927,BRONZE,Delhi,2026-02-25,Y
C01928,Anuj_1928,SILVER,Kolkata,2023-10-31,Y
C01929,Priya_1929,BRONZE,Hyderabad,2025-06-22,Y
C01930,Amit_1930,GOLD,Bangalore,2025-05-23,Y
C01931,Anuj_1931,SILVER,Mumbai,2023-02-06,Y
C01932,Neha_1932,SILVER,Bangalore,2024-10-02,Y
C01933,Riya_1933,GOLD,Bangalore,2025-09-01,Y
C01934,Neha_1934,PLATINUM,Pune,2025-08-03,Y
C01935,Riya_1935,BRONZE,Ahmedabad,2026-01-09,Y
C01936,Priya_1936,BRONZE,Ahmedabad,2024-05-17,Y
C01937,Vikram_1937,PLATINUM,Noida,2024-08-14,Y
C01938,Rahul_1938,BRONZE,Bangalore,2023-07-10,Y
C01939,Anuj_1939,GOLD,Hyderabad,2025-12-13,Y
C01940,Vikram_1940,BRONZE,Jaipur,2025-11-12,Y
C01941,Karan_1941,PLATINUM,Mumbai,2025-08-11,Y
C01942,Arjun_1942,GOLD,Chennai,2026-04-09,Y
C01943,Amit_1943,BRONZE,Delhi,2024-12-20,Y
C01944,Anuj_1944,BRONZE,Hyderabad,2024-08-13,Y
C01945,Priya_1945,BRONZE,Hyderabad,2025-06-05,Y
C01946,Sneha_1946,BRONZE,Hyderabad,2023-11-08,Y
C01947,Rahul_1947,GOLD,Delhi,2023-03-23,Y
C01948,Karan_1948,SILVER,Mumbai,2026-02-13,Y
C01949,Sneha_1949,SILVER,Chennai,2023-02-16,Y
C01950,Amit_1950,BRONZE,Noida,2025-04-28,Y
C01951,Amit_1951,GOLD,Delhi,2023-02-23,Y
C01952,Amit_1952,BRONZE,Chennai,2023-03-24,Y
C01953,Karan_1953,SILVER,Chennai,2024-05-27,Y
C01954,Priya_1954,GOLD,Pune,2025-02-22,Y
C01955,Riya_1955,BRONZE,Pune,2025-03-30,Y
C01956,Priya_1956,BRONZE,Hyderabad,2023-02-14,Y
C01957,Anuj_1957,SILVER,Pune,2024-06-29,Y
C01958,Vikram_1958,BRONZE,Ahmedabad,2023-09-13,Y
C01959,Riya_1959,SILVER,Noida,2024-12-11,Y
C01960,Riya_1960,BRONZE,Chennai,2026-03-28,Y
C01961,Arjun_1961,SILVER,Ahmedabad,2023-01-17,Y
C01962,Sneha_1962,SILVER,Bangalore,2025-09-22,Y
C01963,Vikram_1963,PLATINUM,Hyderabad,2026-02-28,Y
C01964,Arjun_1964,GOLD,Delhi,2024-08-03,Y
C01965,Amit_1965,SILVER,Ahmedabad,2023-06-10,Y
C01966,Riya_1966,BRONZE,Jaipur,2023-03-08,Y
C01967,Sneha_1967,SILVER,Mumbai,2026-01-27,Y
C01968,Anuj_1968,BRONZE,Noida,2023-11-23,Y
C01969,Riya_1969,BRONZE,Bangalore,2025-09-25,Y
C01970,Amit_1970,BRONZE,Delhi,2025-09-23,Y
C01971,Vikram_1971,BRONZE,Ahmedabad,2024-01-30,Y
C01972,Riya_1972,BRONZE,Hyderabad,2024-03-07,Y
C01973,Anuj_1973,BRONZE,Ahmedabad,2023-04-21,Y
C01974,Vikram_1974,GOLD,Delhi,2024-10-08,Y
C01975,Arjun_1975,PLATINUM,Chennai,2023-03-01,Y
C01976,Sneha_1976,SILVER,Noida,2026-03-03,Y
C01977,Rahul_1977,SILVER,Chennai,2023-06-13,Y
C01978,Vikram_1978,SILVER,Pune,2023-08-24,Y
C01979,Vikram_1979,GOLD,Noida,2023-09-03,Y
C01980,Arjun_1980,PLATINUM,Ahmedabad,2023-05-22,Y
C01981,Sneha_1981,GOLD,Jaipur,2023-06-17,Y
C01982,Anuj_1982,BRONZE,Pune,2023-04-03,Y
C01983,Arjun_1983,SILVER,Chennai,2023-01-30,Y
C01984,Karan_1984,GOLD,Delhi,2023-07-28,Y
C01985,Arjun_1985,SILVER,Hyderabad,2025-04-07,Y
C01986,Neha_1986,GOLD,Chennai,2024-02-25,Y
C01987,Vikram_1987,BRONZE,Hyderabad,2025-01-07,Y
C01988,Rahul_1988,BRONZE,Hyderabad,2023-12-25,Y
C01989,Sneha_1989,BRONZE,Bangalore,2024-09-18,Y
C01990,Vikram_1990,SILVER,Delhi,2025-10-04,Y
C01991,Anuj_1991,GOLD,Delhi,2026-03-06,Y
C01992,Vikram_1992,GOLD,Pune,2026-02-21,Y
C01993,Sneha_1993,GOLD,Jaipur,2024-03-28,Y
C01994,Amit_1994,BRONZE,Jaipur,2023-08-06,Y
C01995,Arjun_1995,BRONZE,Hyderabad,2023-06-15,Y
C01996,Arjun_1996,GOLD,Jaipur,2024-08-14,Y
C01997,Arjun_1997,BRONZE,Mumbai,2024-07-17,Y
C01998,Riya_1998,BRONZE,Pune,2023-11-21,Y
C01999,Riya_1999,SILVER,Delhi,2025-04-24,Y
C02000,Rahul_2000,PLATINUM,Pune,2024-04-22,Y
C02001,Sneha_2001,BRONZE,Kolkata,2023-02-02,Y
C02002,Riya_2002,PLATINUM,Chennai,2023-06-18,Y
C02003,Priya_2003,BRONZE,Bangalore,2024-01-17,Y
C02004,Riya_2004,BRONZE,Jaipur,2024-04-06,Y
C02005,Riya_2005,PLATINUM,Kolkata,2025-01-25,Y
C02006,Anuj_2006,SILVER,Bangalore,2023-01-12,Y
C02007,Rahul_2007,BRONZE,Chennai,2025-11-21,Y
C02008,Riya_2008,BRONZE,Ahmedabad,2024-11-14,Y
C02009,Rahul_2009,BRONZE,Kolkata,2024-05-07,Y
C02010,Sneha_2010,SILVER,Mumbai,2023-10-16,Y
C02011,Karan_2011,SILVER,Jaipur,2025-09-15,Y
C02012,Arjun_2012,GOLD,Bangalore,2025-12-11,Y
C02013,Vikram_2013,GOLD,Pune,2024-09-28,Y
C02014,Riya_2014,SILVER,Ahmedabad,2024-08-09,Y
C02015,Amit_2015,BRONZE,Hyderabad,2024-03-13,Y
C02016,Rahul_2016,BRONZE,Ahmedabad,2024-10-24,Y
C02017,Sneha_2017,SILVER,Kolkata,2025-11-15,Y
C02018,Riya_2018,GOLD,Mumbai,2025-08-27,Y
C02019,Rahul_2019,BRONZE,Chennai,2025-08-25,Y
C02020,Amit_2020,GOLD,Kolkata,2024-06-29,Y
C02021,Arjun_2021,BRONZE,Bangalore,2024-04-25,Y
C02022,Arjun_2022,BRONZE,Jaipur,2023-01-31,Y
C02023,Vikram_2023,SILVER,Noida,2023-10-10,Y
C02024,Anuj_2024,SILVER,Kolkata,2023-10-14,Y
C02025,Sneha_2025,BRONZE,Noida,2023-12-09,Y
C02026,Sneha_2026,PLATINUM,Delhi,2023-08-22,Y
C02027,Priya_2027,SILVER,Jaipur,2024-06-14,Y
C02028,Karan_2028,GOLD,Jaipur,2024-05-16,Y
C02029,Anuj_2029,GOLD,Ahmedabad,2023-06-16,Y
C02030,Karan_2030,SILVER,Ahmedabad,2023-04-01,Y
C02031,Anuj_2031,SILVER,Kolkata,2026-02-21,Y
C02032,Riya_2032,PLATINUM,Pune,2023-04-18,Y
C02033,Anuj_2033,BRONZE,Jaipur,2025-04-19,Y
C02034,Vikram_2034,SILVER,Delhi,2024-02-28,Y
C02035,Amit_2035,SILVER,Ahmedabad,2024-10-18,Y
C02036,Neha_2036,SILVER,Bangalore,2023-10-12,Y
C02037,Vikram_2037,BRONZE,Pune,2025-08-05,Y
C02038,Neha_2038,SILVER,Delhi,2025-09-01,Y
C02039,Arjun_2039,BRONZE,Jaipur,2024-03-26,Y
C02040,Arjun_2040,BRONZE,Jaipur,2023-10-02,Y
C02041,Rahul_2041,SILVER,Delhi,2024-01-10,Y
C02042,Priya_2042,SILVER,Pune,2023-07-16,Y
C02043,Vikram_2043,PLATINUM,Chennai,2025-07-19,Y
C02044,Neha_2044,GOLD,Pune,2023-03-28,Y
C02045,Arjun_2045,GOLD,Delhi,2024-01-22,Y
C02046,Arjun_2046,GOLD,Mumbai,2023-02-17,Y
C02047,Karan_2047,SILVER,Delhi,2024-03-21,Y
C02048,Riya_2048,SILVER,Ahmedabad,2025-01-30,Y
C02049,Priya_2049,BRONZE,Mumbai,2024-10-26,Y
C02050,Amit_2050,BRONZE,Delhi,2024-09-28,Y
C02051,Riya_2051,SILVER,Ahmedabad,2023-09-04,Y
C02052,Priya_2052,PLATINUM,Hyderabad,2023-05-17,Y
C02053,Neha_2053,SILVER,Jaipur,2024-05-19,Y
C02054,Rahul_2054,PLATINUM,Jaipur,2024-08-09,Y
C02055,Rahul_2055,SILVER,Delhi,2026-02-10,Y
C02056,Karan_2056,SILVER,Kolkata,2023-10-21,Y
C02057,Sneha_2057,SILVER,Pune,2024-06-18,Y
C02058,Anuj_2058,BRONZE,Delhi,2025-11-23,Y
C02059,Sneha_2059,BRONZE,Noida,2025-04-16,Y
C02060,Riya_2060,BRONZE,Bangalore,2025-12-11,Y
C02061,Amit_2061,BRONZE,Jaipur,2023-02-12,Y
C02062,Karan_2062,GOLD,Hyderabad,2023-05-15,Y
C02063,Amit_2063,BRONZE,Kolkata,2024-06-09,Y
C02064,Sneha_2064,BRONZE,Bangalore,2026-04-11,Y
C02065,Arjun_2065,BRONZE,Mumbai,2024-12-26,Y
C02066,Vikram_2066,SILVER,Chennai,2023-06-20,Y
C02067,Amit_2067,BRONZE,Delhi,2025-03-19,Y
C02068,Arjun_2068,GOLD,Delhi,2023-01-27,Y
C02069,Arjun_2069,GOLD,Noida,2024-03-06,Y
C02070,Karan_2070,SILVER,Pune,2025-05-22,Y
C02071,Arjun_2071,BRONZE,Pune,2024-10-11,Y
C02072,Vikram_2072,GOLD,Ahmedabad,2024-09-13,Y
C02073,Vikram_2073,SILVER,Jaipur,2025-12-01,Y
C02074,Amit_2074,BRONZE,Pune,2026-03-30,Y
C02075,Karan_2075,BRONZE,Noida,2024-10-16,Y
C02076,Neha_2076,SILVER,Pune,2023-11-05,Y
C02077,Arjun_2077,BRONZE,Bangalore,2023-04-06,Y
C02078,Anuj_2078,GOLD,Bangalore,2023-07-01,Y
C02079,Karan_2079,BRONZE,Hyderabad,2024-04-04,Y
C02080,Rahul_2080,SILVER,Bangalore,2025-10-08,Y
C02081,Neha_2081,BRONZE,Chennai,2023-02-09,Y
C02082,Amit_2082,SILVER,Kolkata,2026-04-13,Y
C02083,Anuj_2083,GOLD,Hyderabad,2025-10-19,Y
C02084,Priya_2084,BRONZE,Ahmedabad,2024-06-29,Y
C02085,Anuj_2085,PLATINUM,Ahmedabad,2024-08-19,Y
C02086,Arjun_2086,BRONZE,Jaipur,2025-10-14,Y
C02087,Neha_2087,SILVER,Pune,2024-03-15,Y
C02088,Neha_2088,SILVER,Noida,2023-04-01,Y
C02089,Neha_2089,SILVER,Ahmedabad,2023-02-11,Y
C02090,Rahul_2090,SILVER,Mumbai,2024-04-19,Y
C02091,Sneha_2091,BRONZE,Kolkata,2024-11-04,Y
C02092,Sneha_2092,PLATINUM,Chennai,2023-09-28,Y
C02093,Sneha_2093,BRONZE,Bangalore,2024-11-14,Y
C02094,Vikram_2094,SILVER,Bangalore,2024-09-23,Y
C02095,Vikram_2095,BRONZE,Kolkata,2024-12-08,Y
C02096,Vikram_2096,BRONZE,Ahmedabad,2025-09-19,Y
C02097,Anuj_2097,GOLD,Noida,2023-05-24,Y
C02098,Rahul_2098,SILVER,Jaipur,2023-06-22,Y
C02099,Karan_2099,GOLD,Bangalore,2025-05-12,Y
C02100,Amit_2100,BRONZE,Kolkata,2024-07-20,Y
C02101,Riya_2101,BRONZE,Ahmedabad,2023-04-24,Y
C02102,Vikram_2102,BRONZE,Noida,2024-12-08,Y
C02103,Anuj_2103,GOLD,Kolkata,2023-02-18,Y
C02104,Amit_2104,BRONZE,Mumbai,2025-05-11,Y
C02105,Riya_2105,SILVER,Mumbai,2026-03-27,Y
C02106,Karan_2106,GOLD,Chennai,2023-07-08,Y
C02107,Amit_2107,GOLD,Delhi,2024-05-26,Y
C02108,Amit_2108,BRONZE,Bangalore,2023-07-16,Y
C02109,Sneha_2109,SILVER,Hyderabad,2025-07-21,Y
C02110,Riya_2110,GOLD,Ahmedabad,2024-12-31,N
C02111,Rahul_2111,SILVER,Ahmedabad,2023-12-25,Y
C02112,Sneha_2112,SILVER,Kolkata,2025-09-14,Y
C02113,Rahul_2113,BRONZE,Hyderabad,2026-01-16,Y
C02114,Vikram_2114,SILVER,Delhi,2024-04-18,Y
C02115,Vikram_2115,GOLD,Noida,2025-01-21,Y
C02116,Sneha_2116,SILVER,Hyderabad,2025-02-10,Y
C02117,Arjun_2117,PLATINUM,Noida,2026-03-22,Y
C02118,Rahul_2118,BRONZE,Noida,2025-06-08,Y
C02119,Sneha_2119,SILVER,Ahmedabad,2025-05-27,Y
C02120,Vikram_2120,SILVER,Kolkata,2025-04-11,Y
C02121,Karan_2121,BRONZE,Chennai,2024-11-23,Y
C02122,Sneha_2122,SILVER,Mumbai,2023-02-10,Y
C02123,Riya_2123,BRONZE,Ahmedabad,2025-04-22,Y
C02124,Sneha_2124,GOLD,Hyderabad,2023-03-14,Y
C02125,Sneha_2125,PLATINUM,Delhi,2023-12-06,Y
C02126,Amit_2126,GOLD,Bangalore,2025-01-19,Y
C02127,Neha_2127,SILVER,Hyderabad,2024-09-08,Y
C02128,Amit_2128,SILVER,Bangalore,2024-06-14,Y
C02129,Priya_2129,BRONZE,Kolkata,2024-01-18,Y
C02130,Priya_2130,BRONZE,Delhi,2025-11-30,Y
C02131,Arjun_2131,BRONZE,Mumbai,2023-07-14,Y
C02132,Rahul_2132,PLATINUM,Chennai,2026-01-26,Y
C02133,Riya_2133,BRONZE,Jaipur,2026-03-09,Y
C02134,Amit_2134,SILVER,Pune,2026-03-26,Y
C02135,Riya_2135,SILVER,Kolkata,2025-12-17,Y
C02136,Anuj_2136,BRONZE,Chennai,2025-07-03,Y
C02137,Neha_2137,SILVER,Jaipur,2023-08-05,Y
C02138,Riya_2138,BRONZE,Mumbai,2023-09-06,Y
C02139,Arjun_2139,BRONZE,Ahmedabad,2024-12-14,Y
C02140,Priya_2140,BRONZE,Kolkata,2025-08-15,Y
C02141,Neha_2141,PLATINUM,Kolkata,2024-05-28,Y
C02142,Neha_2142,PLATINUM,Ahmedabad,2023-05-06,Y
C02143,Karan_2143,GOLD,Pune,2025-05-27,Y
C02144,Priya_2144,BRONZE,Ahmedabad,2024-11-30,Y
C02145,Amit_2145,SILVER,Noida,2023-11-17,Y
C02146,Arjun_2146,BRONZE,Noida,2025-02-12,Y
C02147,Vikram_2147,BRONZE,Delhi,2023-10-12,Y
C02148,Riya_2148,SILVER,Hyderabad,2026-03-29,Y
C02149,Priya_2149,GOLD,Bangalore,2023-10-20,Y
C02150,Karan_2150,BRONZE,Delhi,2025-09-06,Y
C02151,Arjun_2151,SILVER,Delhi,2024-03-09,Y
C02152,Neha_2152,SILVER,Chennai,2023-08-15,Y
C02153,Rahul_2153,BRONZE,Pune,2024-02-29,Y
C02154,Vikram_2154,PLATINUM,Ahmedabad,2023-10-20,Y
C02155,Neha_2155,GOLD,Pune,2025-02-27,Y
C02156,Arjun_2156,SILVER,Mumbai,2024-04-12,Y
C02157,Anuj_2157,SILVER,Bangalore,2024-01-04,Y
C02158,Vikram_2158,GOLD,Pune,2023-08-19,Y
C02159,Riya_2159,PLATINUM,Hyderabad,2023-06-29,Y
C02160,Riya_2160,GOLD,Bangalore,2025-07-25,Y
C02161,Sneha_2161,GOLD,Kolkata,2025-01-08,Y
C02162,Priya_2162,SILVER,Kolkata,2025-10-24,Y
C02163,Karan_2163,SILVER,Ahmedabad,2024-10-04,Y
C02164,Rahul_2164,SILVER,Hyderabad,2024-08-19,Y
C02165,Amit_2165,BRONZE,Jaipur,2025-01-24,Y
C02166,Sneha_2166,BRONZE,Jaipur,2026-04-01,Y
C02167,Neha_2167,GOLD,Noida,2025-08-13,Y
C02168,Amit_2168,PLATINUM,Pune,2024-08-19,Y
C02169,Neha_2169,BRONZE,Hyderabad,2023-04-24,Y
C02170,Vikram_2170,BRONZE,Pune,2024-10-03,Y
C02171,Riya_2171,SILVER,Jaipur,2023-12-23,Y
C02172,Anuj_2172,SILVER,Kolkata,2024-10-17,Y
C02173,Anuj_2173,BRONZE,Kolkata,2025-03-15,Y
C02174,Amit_2174,SILVER,Jaipur,2024-07-04,Y
C02175,Amit_2175,BRONZE,Jaipur,2025-03-09,Y
C02176,Arjun_2176,BRONZE,Jaipur,2023-07-15,Y
C02177,Vikram_2177,BRONZE,Delhi,2026-03-06,Y
C02178,Anuj_2178,GOLD,Mumbai,2026-02-19,Y
C02179,Neha_2179,BRONZE,Pune,2025-01-26,Y
C02180,Vikram_2180,SILVER,Delhi,2024-01-26,Y
C02181,Arjun_2181,GOLD,Pune,2024-12-28,Y
C02182,Riya_2182,BRONZE,Kolkata,2024-08-16,Y
C02183,Arjun_2183,BRONZE,Mumbai,2024-05-28,Y
C02184,Karan_2184,GOLD,Pune,2026-04-12,Y
C02185,Amit_2185,BRONZE,Chennai,2023-11-06,Y
C02186,Neha_2186,GOLD,Noida,2025-12-30,Y
C02187,Rahul_2187,BRONZE,Jaipur,2023-06-21,Y
C02188,Karan_2188,BRONZE,Pune,2025-10-12,Y
C02189,Arjun_2189,BRONZE,Pune,2024-07-14,Y
C02190,Rahul_2190,BRONZE,Delhi,2023-07-08,Y
C02191,Arjun_2191,SILVER,Noida,2025-04-09,Y
C02192,Arjun_2192,GOLD,Chennai,2024-05-17,Y
C02193,Neha_2193,SILVER,Jaipur,2024-08-21,Y
C02194,Sneha_2194,BRONZE,Pune,2024-12-21,Y
C02195,Rahul_2195,BRONZE,Bangalore,2024-07-24,Y
C02196,Priya_2196,BRONZE,Jaipur,2023-03-06,Y
C02197,Rahul_2197,BRONZE,Pune,2025-06-25,Y
C02198,Karan_2198,BRONZE,Noida,2025-09-25,Y
C02199,Anuj_2199,GOLD,Mumbai,2024-12-14,Y
C02200,Rahul_2200,BRONZE,Delhi,2023-10-05,Y
C02201,Vikram_2201,GOLD,Ahmedabad,2023-09-01,Y
C02202,Sneha_2202,BRONZE,Pune,2025-03-09,Y
C02203,Riya_2203,BRONZE,Ahmedabad,2025-02-03,Y
C02204,Riya_2204,BRONZE,Chennai,2024-10-24,Y
C02205,Karan_2205,BRONZE,Bangalore,2023-01-11,Y
C02206,Neha_2206,SILVER,Pune,2023-05-19,Y
C02207,Rahul_2207,BRONZE,Mumbai,2026-01-30,Y
C02208,Amit_2208,BRONZE,Mumbai,2023-01-05,Y
C02209,Arjun_2209,SILVER,Pune,2025-01-20,Y
C02210,Priya_2210,SILVER,Mumbai,2023-03-25,Y
C02211,Karan_2211,SILVER,Noida,2025-09-22,Y
C02212,Riya_2212,BRONZE,Jaipur,2023-05-02,Y
C02213,Riya_2213,GOLD,Bangalore,2025-09-05,Y
C02214,Karan_2214,BRONZE,Hyderabad,2025-07-11,Y
C02215,Arjun_2215,BRONZE,Hyderabad,2025-10-08,Y
C02216,Riya_2216,SILVER,Delhi,2025-12-25,Y
C02217,Priya_2217,SILVER,Noida,2024-12-23,Y
C02218,Neha_2218,BRONZE,Ahmedabad,2024-03-18,Y
C02219,Arjun_2219,BRONZE,Ahmedabad,2025-06-28,Y
C02220,Priya_2220,BRONZE,Noida,2024-04-14,Y
C02221,Amit_2221,SILVER,Ahmedabad,2023-03-20,Y
C02222,Vikram_2222,BRONZE,Noida,2026-02-28,Y
C02223,Riya_2223,BRONZE,Bangalore,2023-02-10,Y
C02224,Vikram_2224,GOLD,Kolkata,2024-11-09,Y
C02225,Neha_2225,SILVER,Delhi,2023-12-12,Y
C02226,Arjun_2226,GOLD,Hyderabad,2024-10-26,Y
C02227,Neha_2227,SILVER,Ahmedabad,2026-03-06,Y
C02228,Riya_2228,SILVER,Delhi,2025-11-26,Y
C02229,Priya_2229,GOLD,Jaipur,2023-09-02,Y
C02230,Rahul_2230,SILVER,Chennai,2025-04-30,Y
C02231,Priya_2231,SILVER,Ahmedabad,2023-01-28,Y
C02232,Rahul_2232,SILVER,Ahmedabad,2024-10-21,Y
C02233,Riya_2233,BRONZE,Kolkata,2025-11-02,Y
C02234,Riya_2234,SILVER,Chennai,2023-05-03,Y
C02235,Neha_2235,SILVER,Mumbai,2024-09-22,Y
C02236,Anuj_2236,SILVER,Pune,2025-04-24,Y
C02237,Vikram_2237,BRONZE,Ahmedabad,2024-11-05,Y
C02238,Vikram_2238,PLATINUM,Bangalore,2024-07-01,Y
C02239,Arjun_2239,GOLD,Hyderabad,2025-02-14,Y
C02240,Arjun_2240,SILVER,Kolkata,2024-05-12,Y
C02241,Vikram_2241,SILVER,Bangalore,2025-10-13,Y
C02242,Amit_2242,SILVER,Pune,2026-02-09,Y
C02243,Karan_2243,SILVER,Jaipur,2024-06-03,Y
C02244,Sneha_2244,BRONZE,Mumbai,2024-05-16,Y
C02245,Arjun_2245,GOLD,Ahmedabad,2023-01-02,Y
C02246,Vikram_2246,BRONZE,Kolkata,2023-04-09,Y
C02247,Arjun_2247,GOLD,Kolkata,2025-11-22,Y
C02248,Amit_2248,BRONZE,Bangalore,2025-06-04,Y
C02249,Karan_2249,SILVER,Mumbai,2025-10-29,Y
C02250,Riya_2250,SILVER,Ahmedabad,2025-02-09,Y
C02251,Rahul_2251,BRONZE,Kolkata,2026-01-06,Y
C02252,Sneha_2252,BRONZE,Hyderabad,2024-04-01,Y
C02253,Sneha_2253,PLATINUM,Hyderabad,2023-01-06,Y
C02254,Neha_2254,BRONZE,Bangalore,2023-05-02,Y
C02255,Amit_2255,BRONZE,Hyderabad,2025-02-15,Y
C02256,Priya_2256,GOLD,Kolkata,2023-08-07,Y
C02257,Priya_2257,GOLD,Noida,2025-10-01,Y
C02258,Riya_2258,GOLD,Delhi,2026-01-26,Y
C02259,Amit_2259,PLATINUM,Pune,2023-11-02,Y
C02260,Arjun_2260,BRONZE,Noida,2025-07-18,Y
C02261,Riya_2261,BRONZE,Delhi,2024-12-21,Y
C02262,Sneha_2262,PLATINUM,Hyderabad,2024-05-03,Y
C02263,Arjun_2263,BRONZE,Delhi,2024-03-10,Y
C02264,Riya_2264,BRONZE,Pune,2024-01-30,Y
C02265,Riya_2265,SILVER,Mumbai,2025-06-16,Y
C02266,Neha_2266,SILVER,Delhi,2023-11-06,Y
C02267,Sneha_2267,PLATINUM,Jaipur,2024-01-29,Y
C02268,Arjun_2268,BRONZE,Jaipur,2024-02-01,Y
C02269,Arjun_2269,BRONZE,Ahmedabad,2026-03-27,Y
C02270,Neha_2270,PLATINUM,Delhi,2025-09-15,Y
C02271,Karan_2271,SILVER,Chennai,2023-09-15,Y
C02272,Riya_2272,BRONZE,Mumbai,2023-05-04,Y
C02273,Sneha_2273,BRONZE,Noida,2023-02-20,Y
C02274,Amit_2274,BRONZE,Bangalore,2025-10-13,Y
C02275,Karan_2275,GOLD,Noida,2025-10-20,Y
C02276,Karan_2276,PLATINUM,Mumbai,2024-06-15,Y
C02277,Vikram_2277,BRONZE,Jaipur,2025-09-08,Y
C02278,Rahul_2278,GOLD,Mumbai,2023-08-30,Y
C02279,Amit_2279,GOLD,Pune,2023-01-29,Y
C02280,Neha_2280,BRONZE,Pune,2023-01-09,Y
C02281,Vikram_2281,BRONZE,Hyderabad,2025-07-12,Y
C02282,Amit_2282,BRONZE,Delhi,2023-06-13,Y
C02283,Amit_2283,BRONZE,Bangalore,2023-10-21,Y
C02284,Priya_2284,BRONZE,Ahmedabad,2023-11-14,Y
C02285,Neha_2285,SILVER,Chennai,2023-01-15,Y
C02286,Karan_2286,BRONZE,Chennai,2023-02-25,Y
C02287,Vikram_2287,BRONZE,Chennai,2023-03-17,Y
C02288,Vikram_2288,BRONZE,Chennai,2023-04-02,Y
C02289,Riya_2289,BRONZE,Delhi,2025-01-11,Y
C02290,Vikram_2290,SILVER,Jaipur,2025-12-05,Y
C02291,Priya_2291,BRONZE,Hyderabad,2023-10-22,Y
C02292,Priya_2292,BRONZE,Pune,2025-02-02,Y
C02293,Vikram_2293,BRONZE,Mumbai,2024-08-05,Y
C02294,Anuj_2294,GOLD,Kolkata,2025-10-22,Y
C02295,Anuj_2295,GOLD,Chennai,2025-01-17,Y
C02296,Riya_2296,BRONZE,Kolkata,2023-01-29,Y
C02297,Amit_2297,GOLD,Noida,2024-11-17,Y
C02298,Priya_2298,BRONZE,Mumbai,2023-01-21,Y
C02299,Neha_2299,BRONZE,Hyderabad,2025-03-16,Y
C02300,Arjun_2300,BRONZE,Noida,2023-01-31,Y
C02301,Vikram_2301,BRONZE,Kolkata,2025-12-10,Y
C02302,Riya_2302,BRONZE,Noida,2024-07-27,Y
C02303,Riya_2303,BRONZE,Noida,2024-06-04,Y
C02304,Neha_2304,SILVER,Kolkata,2024-06-25,Y
C02305,Sneha_2305,SILVER,Chennai,2025-04-25,Y
C02306,Neha_2306,BRONZE,Hyderabad,2024-12-23,Y
C02307,Vikram_2307,SILVER,Noida,2026-03-08,Y
C02308,Priya_2308,SILVER,Noida,2025-11-27,Y
C02309,Vikram_2309,BRONZE,Jaipur,2025-10-23,Y
C02310,Riya_2310,PLATINUM,Delhi,2023-06-23,Y
C02311,Arjun_2311,BRONZE,Mumbai,2024-06-20,Y
C02312,Priya_2312,BRONZE,Kolkata,2024-08-30,Y
C02313,Amit_2313,BRONZE,Jaipur,2024-05-29,Y
C02314,Neha_2314,BRONZE,Mumbai,2026-01-20,Y
C02315,Anuj_2315,GOLD,Bangalore,2025-08-30,Y
C02316,Neha_2316,BRONZE,Delhi,2025-09-18,Y
C02317,Sneha_2317,SILVER,Hyderabad,2023-10-20,Y
C02318,Priya_2318,GOLD,Pune,2026-01-17,Y
C02319,Arjun_2319,PLATINUM,Jaipur,2024-05-15,Y
C02320,Amit_2320,SILVER,Pune,2025-06-21,Y
C02321,Karan_2321,BRONZE,Noida,2025-12-16,N
C02322,Amit_2322,GOLD,Bangalore,2025-09-15,Y
C02323,Neha_2323,BRONZE,Noida,2024-07-10,Y
C02324,Priya_2324,BRONZE,Delhi,2025-05-09,Y
C02325,Priya_2325,BRONZE,Kolkata,2025-04-29,Y
C02326,Sneha_2326,BRONZE,Noida,2024-12-22,Y
C02327,Priya_2327,BRONZE,Pune,2023-11-08,Y
C02328,Vikram_2328,GOLD,Noida,2024-09-22,Y
C02329,Sneha_2329,GOLD,Mumbai,2023-07-18,Y
C02330,Vikram_2330,BRONZE,Ahmedabad,2025-04-17,Y
C02331,Amit_2331,SILVER,Bangalore,2023-08-09,Y
C02332,Vikram_2332,SILVER,Mumbai,2025-11-10,Y
C02333,Rahul_2333,GOLD,Mumbai,2023-07-25,Y
C02334,Vikram_2334,GOLD,Noida,2025-10-06,Y
C02335,Sneha_2335,BRONZE,Kolkata,2023-09-03,Y
C02336,Priya_2336,BRONZE,Chennai,2023-08-06,Y
C02337,Karan_2337,BRONZE,Bangalore,2025-11-24,Y
C02338,Sneha_2338,SILVER,Ahmedabad,2024-06-14,Y
C02339,Neha_2339,BRONZE,Bangalore,2023-02-26,Y
C02340,Vikram_2340,BRONZE,Chennai,2024-06-03,Y
C02341,Arjun_2341,BRONZE,Mumbai,2023-10-02,Y
C02342,Sneha_2342,GOLD,Chennai,2024-09-26,Y
C02343,Anuj_2343,SILVER,Jaipur,2026-01-31,Y
C02344,Priya_2344,SILVER,Chennai,2023-07-05,Y
C02345,Sneha_2345,BRONZE,Kolkata,2023-06-21,Y
C02346,Riya_2346,BRONZE,Delhi,2026-01-09,Y
C02347,Riya_2347,BRONZE,Ahmedabad,2023-03-17,Y
C02348,Riya_2348,BRONZE,Pune,2023-07-26,Y
C02349,Sneha_2349,BRONZE,Delhi,2023-11-05,Y
C02350,Neha_2350,BRONZE,Kolkata,2025-12-24,Y
C02351,Arjun_2351,SILVER,Noida,2024-06-10,Y
C02352,Karan_2352,BRONZE,Ahmedabad,2024-09-01,Y
C02353,Neha_2353,SILVER,Hyderabad,2023-11-15,Y
C02354,Amit_2354,PLATINUM,Chennai,2024-06-18,Y
C02355,Karan_2355,BRONZE,Chennai,2025-04-21,Y
C02356,Neha_2356,BRONZE,Delhi,2024-02-16,Y
C02357,Anuj_2357,BRONZE,Ahmedabad,2023-03-23,Y
C02358,Priya_2358,SILVER,Delhi,2025-02-05,Y
C02359,Rahul_2359,GOLD,Bangalore,2023-08-14,Y
C02360,Priya_2360,BRONZE,Pune,2023-07-19,Y
C02361,Vikram_2361,BRONZE,Delhi,2025-10-17,Y
C02362,Rahul_2362,SILVER,Pune,2025-01-26,Y
C02363,Anuj_2363,BRONZE,Kolkata,2024-05-25,Y
C02364,Anuj_2364,SILVER,Ahmedabad,2024-03-26,Y
C02365,Anuj_2365,BRONZE,Chennai,2023-02-05,Y
C02366,Anuj_2366,BRONZE,Mumbai,2023-10-22,Y
C02367,Priya_2367,PLATINUM,Pune,2025-12-02,Y
C02368,Anuj_2368,GOLD,Pune,2025-07-10,Y
C02369,Arjun_2369,BRONZE,Delhi,2025-06-28,Y
C02370,Sneha_2370,GOLD,Ahmedabad,2023-08-17,Y
C02371,Vikram_2371,SILVER,Noida,2023-05-25,Y
C02372,Rahul_2372,SILVER,Kolkata,2023-01-27,Y
C02373,Vikram_2373,GOLD,Jaipur,2023-03-05,Y
C02374,Rahul_2374,BRONZE,Chennai,2025-12-03,Y
C02375,Amit_2375,BRONZE,Jaipur,2023-12-08,Y
C02376,Amit_2376,PLATINUM,Chennai,2024-04-18,Y
C02377,Priya_2377,BRONZE,Chennai,2024-01-21,Y
C02378,Anuj_2378,GOLD,Hyderabad,2023-02-26,Y
C02379,Neha_2379,GOLD,Mumbai,2023-11-09,Y
C02380,Rahul_2380,BRONZE,Ahmedabad,2024-08-23,Y
C02381,Rahul_2381,BRONZE,Pune,2023-03-04,Y
C02382,Arjun_2382,SILVER,Ahmedabad,2025-03-13,Y
C02383,Riya_2383,BRONZE,Bangalore,2024-08-20,Y
C02384,Riya_2384,BRONZE,Jaipur,2023-08-08,Y
C02385,Sneha_2385,BRONZE,Chennai,2024-03-26,Y
C02386,Sneha_2386,SILVER,Delhi,2025-02-17,Y
C02387,Neha_2387,GOLD,Delhi,2025-09-14,Y
C02388,Anuj_2388,BRONZE,Kolkata,2024-03-17,Y
C02389,Vikram_2389,BRONZE,Kolkata,2025-04-11,Y
C02390,Rahul_2390,BRONZE,Kolkata,2024-05-24,Y
C02391,Anuj_2391,BRONZE,Pune,2025-03-29,Y
C02392,Karan_2392,BRONZE,Bangalore,2023-08-12,Y
C02393,Arjun_2393,BRONZE,Hyderabad,2025-07-08,Y
C02394,Neha_2394,GOLD,Bangalore,2024-04-21,Y
C02395,Arjun_2395,BRONZE,Ahmedabad,2024-01-28,Y
C02396,Neha_2396,GOLD,Mumbai,2024-02-14,Y
C02397,Neha_2397,SILVER,Jaipur,2025-08-23,Y
C02398,Riya_2398,GOLD,Noida,2025-07-10,Y
C02399,Sneha_2399,SILVER,Ahmedabad,2024-01-12,Y
C02400,Riya_2400,SILVER,Kolkata,2024-09-04,Y
C02401,Anuj_2401,GOLD,Ahmedabad,2025-03-19,Y
C02402,Arjun_2402,GOLD,Mumbai,2024-10-30,Y
C02403,Sneha_2403,BRONZE,Kolkata,2024-04-05,Y
C02404,Sneha_2404,SILVER,Jaipur,2023-02-11,Y
C02405,Rahul_2405,BRONZE,Chennai,2025-05-05,Y
C02406,Anuj_2406,BRONZE,Kolkata,2026-02-17,Y
C02407,Rahul_2407,BRONZE,Kolkata,2026-02-02,Y
C02408,Anuj_2408,GOLD,Noida,2024-10-25,Y
C02409,Amit_2409,BRONZE,Mumbai,2026-01-03,Y
C02410,Vikram_2410,PLATINUM,Noida,2024-05-06,Y
C02411,Vikram_2411,BRONZE,Hyderabad,2024-07-07,Y
C02412,Neha_2412,BRONZE,Mumbai,2026-01-16,Y
C02413,Amit_2413,GOLD,Noida,2025-08-21,Y
C02414,Riya_2414,BRONZE,Hyderabad,2024-03-29,Y
C02415,Sneha_2415,BRONZE,Chennai,2025-12-02,Y
C02416,Karan_2416,BRONZE,Delhi,2025-05-27,Y
C02417,Anuj_2417,BRONZE,Mumbai,2026-03-02,Y
C02418,Vikram_2418,SILVER,Mumbai,2025-02-13,Y
C02419,Priya_2419,BRONZE,Mumbai,2024-11-09,Y
C02420,Riya_2420,BRONZE,Ahmedabad,2024-03-13,Y
C02421,Arjun_2421,BRONZE,Kolkata,2024-07-14,Y
C02422,Riya_2422,BRONZE,Delhi,2026-04-02,Y
C02423,Arjun_2423,BRONZE,Pune,2023-12-07,Y
C02424,Amit_2424,SILVER,Chennai,2023-06-11,Y
C02425,Riya_2425,GOLD,Hyderabad,2024-07-05,Y
C02426,Riya_2426,BRONZE,Chennai,2024-07-03,Y
C02427,Amit_2427,BRONZE,Hyderabad,2023-03-27,Y
C02428,Arjun_2428,SILVER,Noida,2026-02-24,Y
C02429,Karan_2429,GOLD,Bangalore,2025-12-02,Y
C02430,Vikram_2430,BRONZE,Noida,2025-02-28,Y
C02431,Vikram_2431,SILVER,Chennai,2026-01-24,Y
C02432,Karan_2432,SILVER,Ahmedabad,2024-01-27,Y
C02433,Vikram_2433,BRONZE,Pune,2023-10-11,Y
C02434,Riya_2434,BRONZE,Noida,2025-05-09,Y
C02435,Karan_2435,SILVER,Bangalore,2025-08-05,Y
C02436,Riya_2436,PLATINUM,Delhi,2025-03-19,Y
C02437,Anuj_2437,BRONZE,Pune,2023-06-25,Y
C02438,Riya_2438,SILVER,Kolkata,2026-02-26,Y
C02439,Amit_2439,GOLD,Kolkata,2024-11-18,Y
C02440,Anuj_2440,BRONZE,Mumbai,2024-03-07,Y
C02441,Anuj_2441,BRONZE,Bangalore,2024-06-10,Y
C02442,Anuj_2442,BRONZE,Jaipur,2025-09-26,Y
C02443,Amit_2443,PLATINUM,Jaipur,2024-01-10,Y
C02444,Priya_2444,SILVER,Ahmedabad,2025-01-02,Y
C02445,Sneha_2445,BRONZE,Pune,2024-05-07,Y
C02446,Karan_2446,GOLD,Noida,2025-08-26,Y
C02447,Anuj_2447,BRONZE,Jaipur,2024-05-30,Y
C02448,Sneha_2448,SILVER,Jaipur,2023-12-24,Y
C02449,Karan_2449,GOLD,Delhi,2025-02-15,Y
C02450,Arjun_2450,BRONZE,Kolkata,2025-10-01,Y
C02451,Vikram_2451,SILVER,Noida,2023-12-23,Y
C02452,Neha_2452,BRONZE,Kolkata,2024-08-26,Y
C02453,Vikram_2453,BRONZE,Mumbai,2023-09-11,Y
C02454,Vikram_2454,PLATINUM,Pune,2025-08-12,Y
C02455,Neha_2455,BRONZE,Noida,2024-02-29,Y
C02456,Priya_2456,BRONZE,Hyderabad,2026-03-12,Y
C02457,Neha_2457,BRONZE,Pune,2026-01-16,Y
C02458,Rahul_2458,BRONZE,Pune,2023-10-05,Y
C02459,Arjun_2459,BRONZE,Ahmedabad,2024-04-19,Y
C02460,Anuj_2460,BRONZE,Bangalore,2024-09-13,Y
C02461,Priya_2461,SILVER,Jaipur,2025-04-15,Y
C02462,Rahul_2462,PLATINUM,Chennai,2024-10-25,Y
C02463,Anuj_2463,SILVER,Kolkata,2023-12-18,Y
C02464,Riya_2464,BRONZE,Bangalore,2025-10-08,Y
C02465,Arjun_2465,SILVER,Mumbai,2025-09-28,Y
C02466,Karan_2466,GOLD,Delhi,2023-09-04,Y
C02467,Amit_2467,GOLD,Mumbai,2024-01-04,Y
C02468,Rahul_2468,SILVER,Mumbai,2024-03-26,Y
C02469,Riya_2469,BRONZE,Pune,2024-01-02,Y
C02470,Neha_2470,SILVER,Delhi,2024-08-08,Y
C02471,Rahul_2471,GOLD,Chennai,2025-11-28,Y
C02472,Arjun_2472,BRONZE,Chennai,2025-07-10,Y
C02473,Vikram_2473,BRONZE,Jaipur,2023-01-04,Y
C02474,Amit_2474,SILVER,Kolkata,2024-04-18,Y
C02475,Rahul_2475,SILVER,Kolkata,2023-12-12,Y
C02476,Riya_2476,SILVER,Mumbai,2023-05-15,Y
C02477,Sneha_2477,BRONZE,Bangalore,2024-12-05,Y
C02478,Vikram_2478,PLATINUM,Noida,2025-05-31,Y
C02479,Anuj_2479,SILVER,Jaipur,2025-03-20,Y
C02480,Sneha_2480,BRONZE,Jaipur,2024-06-07,Y
C02481,Amit_2481,BRONZE,Ahmedabad,2023-10-23,Y
C02482,Sneha_2482,BRONZE,Bangalore,2024-07-15,Y
C02483,Neha_2483,GOLD,Hyderabad,2023-05-14,Y
C02484,Anuj_2484,SILVER,Jaipur,2024-01-02,Y
C02485,Anuj_2485,SILVER,Bangalore,2024-05-01,Y
C02486,Sneha_2486,SILVER,Pune,2024-09-01,Y
C02487,Riya_2487,BRONZE,Ahmedabad,2024-08-11,Y
C02488,Amit_2488,BRONZE,Delhi,2023-05-31,Y
C02489,Riya_2489,GOLD,Jaipur,2023-10-26,Y
C02490,Arjun_2490,BRONZE,Noida,2023-05-14,Y
C02491,Amit_2491,BRONZE,Pune,2025-12-01,Y
C02492,Vikram_2492,BRONZE,Kolkata,2024-10-07,Y
C02493,Arjun_2493,BRONZE,Noida,2023-12-21,Y
C02494,Sneha_2494,GOLD,Pune,2023-01-19,Y
C02495,Anuj_2495,GOLD,Hyderabad,2024-05-02,Y
C02496,Sneha_2496,BRONZE,Noida,2025-05-10,Y
C02497,Neha_2497,GOLD,Ahmedabad,2026-03-25,Y
C02498,Rahul_2498,GOLD,Pune,2025-09-12,Y
C02499,Vikram_2499,BRONZE,Ahmedabad,2024-06-29,Y
C02500,Amit_2500,SILVER,Pune,2023-10-06,Y
C02501,Anuj_2501,BRONZE,Mumbai,2026-03-19,Y
C02502,Priya_2502,BRONZE,Ahmedabad,2024-07-24,Y
C02503,Anuj_2503,SILVER,Kolkata,2023-08-08,Y
C02504,Amit_2504,BRONZE,Kolkata,2025-01-27,Y
C02505,Rahul_2505,SILVER,Jaipur,2025-11-17,Y
C02506,Vikram_2506,GOLD,Mumbai,2026-04-15,Y
C02507,Amit_2507,BRONZE,Hyderabad,2024-07-31,Y
C02508,Priya_2508,BRONZE,Chennai,2023-03-15,Y
C02509,Anuj_2509,SILVER,Bangalore,2023-01-25,Y
C02510,Arjun_2510,SILVER,Mumbai,2023-04-13,Y
C02511,Riya_2511,BRONZE,Delhi,2024-04-18,Y
C02512,Karan_2512,BRONZE,Chennai,2025-01-21,Y
C02513,Sneha_2513,SILVER,Noida,2024-08-02,Y
C02514,Riya_2514,GOLD,Bangalore,2023-05-11,Y
C02515,Sneha_2515,BRONZE,Jaipur,2025-04-07,Y
C02516,Arjun_2516,BRONZE,Noida,2025-05-22,Y
C02517,Neha_2517,SILVER,Chennai,2025-06-06,Y
C02518,Riya_2518,SILVER,Hyderabad,2024-02-17,Y
C02519,Amit_2519,GOLD,Delhi,2024-04-09,Y
C02520,Arjun_2520,BRONZE,Mumbai,2024-03-25,Y
C02521,Karan_2521,GOLD,Pune,2024-05-26,Y
C02522,Rahul_2522,SILVER,Delhi,2025-11-16,Y
C02523,Sneha_2523,BRONZE,Kolkata,2026-03-11,Y
C02524,Riya_2524,SILVER,Jaipur,2023-06-14,Y
C02525,Neha_2525,SILVER,Hyderabad,2023-08-27,Y
C02526,Anuj_2526,BRONZE,Ahmedabad,2024-05-13,Y
C02527,Rahul_2527,BRONZE,Chennai,2024-08-12,Y
C02528,Anuj_2528,SILVER,Noida,2024-07-22,Y
C02529,Rahul_2529,BRONZE,Noida,2025-06-30,Y
C02530,Amit_2530,SILVER,Jaipur,2023-05-30,Y
C02531,Riya_2531,SILVER,Delhi,2025-10-22,Y
C02532,Priya_2532,SILVER,Noida,2023-10-12,N
C02533,Amit_2533,BRONZE,Jaipur,2024-12-07,Y
C02534,Vikram_2534,BRONZE,Hyderabad,2023-04-14,Y
C02535,Rahul_2535,BRONZE,Kolkata,2024-03-25,Y
C02536,Neha_2536,BRONZE,Chennai,2025-04-24,Y
C02537,Amit_2537,BRONZE,Ahmedabad,2024-01-20,Y
C02538,Amit_2538,BRONZE,Mumbai,2025-12-18,Y
C02539,Riya_2539,GOLD,Chennai,2024-04-12,Y
C02540,Sneha_2540,BRONZE,Kolkata,2024-02-15,Y
C02541,Riya_2541,BRONZE,Ahmedabad,2024-08-22,Y
C02542,Karan_2542,SILVER,Bangalore,2025-07-23,Y
C02543,Arjun_2543,BRONZE,Delhi,2024-04-30,Y
C02544,Karan_2544,SILVER,Noida,2024-01-10,Y
C02545,Neha_2545,SILVER,Chennai,2025-05-28,Y
C02546,Priya_2546,SILVER,Jaipur,2023-09-22,Y
C02547,Vikram_2547,BRONZE,Pune,2023-01-26,Y
C02548,Vikram_2548,SILVER,Hyderabad,2023-09-07,Y
C02549,Amit_2549,BRONZE,Chennai,2025-02-03,Y
C02550,Karan_2550,BRONZE,Bangalore,2024-10-07,Y
C02551,Karan_2551,SILVER,Delhi,2025-05-18,Y
C02552,Arjun_2552,BRONZE,Bangalore,2023-12-30,Y
C02553,Vikram_2553,BRONZE,Bangalore,2023-11-10,Y
C02554,Anuj_2554,BRONZE,Ahmedabad,2024-05-04,Y
C02555,Amit_2555,SILVER,Pune,2026-03-18,Y
C02556,Rahul_2556,GOLD,Jaipur,2025-12-03,Y
C02557,Anuj_2557,PLATINUM,Bangalore,2023-09-09,Y
C02558,Vikram_2558,BRONZE,Pune,2023-11-17,Y
C02559,Neha_2559,SILVER,Chennai,2024-02-23,Y
C02560,Anuj_2560,BRONZE,Bangalore,2024-06-14,Y
C02561,Priya_2561,SILVER,Delhi,2023-06-06,Y
C02562,Neha_2562,PLATINUM,Jaipur,2026-02-19,Y
C02563,Riya_2563,BRONZE,Noida,2025-11-08,Y
C02564,Amit_2564,SILVER,Hyderabad,2024-12-05,Y
C02565,Vikram_2565,BRONZE,Delhi,2024-01-05,Y
C02566,Sneha_2566,BRONZE,Jaipur,2025-12-12,Y
C02567,Vikram_2567,SILVER,Mumbai,2025-11-15,Y
C02568,Rahul_2568,SILVER,Mumbai,2023-03-03,Y
C02569,Sneha_2569,SILVER,Jaipur,2024-04-07,Y
C02570,Karan_2570,SILVER,Pune,2025-09-04,Y
C02571,Neha_2571,GOLD,Ahmedabad,2023-01-25,Y
C02572,Sneha_2572,BRONZE,Jaipur,2024-04-04,Y
C02573,Karan_2573,SILVER,Kolkata,2023-06-16,Y
C02574,Rahul_2574,SILVER,Delhi,2023-12-16,Y
C02575,Anuj_2575,BRONZE,Mumbai,2026-02-25,Y
C02576,Priya_2576,SILVER,Ahmedabad,2026-03-27,Y
C02577,Arjun_2577,SILVER,Mumbai,2024-08-03,Y
C02578,Neha_2578,BRONZE,Chennai,2023-10-30,Y
C02579,Neha_2579,GOLD,Ahmedabad,2025-10-31,Y
C02580,Anuj_2580,BRONZE,Delhi,2025-12-11,Y
C02581,Sneha_2581,BRONZE,Ahmedabad,2024-12-12,Y
C02582,Rahul_2582,BRONZE,Chennai,2023-03-08,Y
C02583,Amit_2583,SILVER,Chennai,2024-06-13,Y
C02584,Riya_2584,BRONZE,Delhi,2024-05-17,Y
C02585,Rahul_2585,BRONZE,Noida,2025-02-18,Y
C02586,Rahul_2586,PLATINUM,Chennai,2024-07-10,Y
C02587,Anuj_2587,BRONZE,Hyderabad,2024-04-30,Y
C02588,Sneha_2588,SILVER,Bangalore,2024-08-18,Y
C02589,Amit_2589,BRONZE,Bangalore,2025-10-17,Y
C02590,Priya_2590,SILVER,Delhi,2025-06-15,Y
C02591,Arjun_2591,GOLD,Jaipur,2026-01-04,Y
C02592,Rahul_2592,BRONZE,Hyderabad,2023-03-04,Y
C02593,Priya_2593,GOLD,Hyderabad,2026-01-07,Y
C02594,Neha_2594,GOLD,Ahmedabad,2024-12-27,Y
C02595,Anuj_2595,SILVER,Bangalore,2023-09-23,Y
C02596,Anuj_2596,SILVER,Noida,2023-06-20,Y
C02597,Vikram_2597,BRONZE,Chennai,2025-09-14,Y
C02598,Rahul_2598,SILVER,Jaipur,2023-07-14,Y
C02599,Vikram_2599,GOLD,Hyderabad,2024-08-28,Y
C02600,Priya_2600,GOLD,Mumbai,2025-12-03,Y
C02601,Rahul_2601,BRONZE,Mumbai,2024-11-06,Y
C02602,Arjun_2602,BRONZE,Jaipur,2025-09-11,Y
C02603,Arjun_2603,SILVER,Delhi,2025-08-11,Y
C02604,Amit_2604,BRONZE,Jaipur,2023-08-28,Y
C02605,Amit_2605,SILVER,Mumbai,2026-01-22,Y
C02606,Vikram_2606,BRONZE,Pune,2026-01-01,Y
C02607,Karan_2607,BRONZE,Mumbai,2023-01-22,Y
C02608,Vikram_2608,GOLD,Noida,2026-02-23,Y
C02609,Priya_2609,GOLD,Hyderabad,2024-01-04,Y
C02610,Sneha_2610,SILVER,Kolkata,2024-10-05,Y
C02611,Rahul_2611,BRONZE,Bangalore,2025-01-23,Y
C02612,Vikram_2612,GOLD,Noida,2024-03-27,Y
C02613,Neha_2613,BRONZE,Ahmedabad,2024-12-12,Y
C02614,Priya_2614,GOLD,Noida,2026-02-15,Y
C02615,Anuj_2615,GOLD,Hyderabad,2025-11-19,Y
C02616,Riya_2616,BRONZE,Hyderabad,2025-11-26,Y
C02617,Karan_2617,SILVER,Mumbai,2025-08-10,Y
C02618,Priya_2618,GOLD,Hyderabad,2023-10-02,Y
C02619,Vikram_2619,BRONZE,Chennai,2023-09-06,Y
C02620,Anuj_2620,BRONZE,Pune,2023-05-02,Y
C02621,Vikram_2621,BRONZE,Ahmedabad,2026-01-25,Y
C02622,Arjun_2622,BRONZE,Mumbai,2023-12-23,Y
C02623,Vikram_2623,GOLD,Chennai,2024-05-28,Y
C02624,Arjun_2624,SILVER,Mumbai,2023-04-08,Y
C02625,Arjun_2625,GOLD,Delhi,2024-09-18,Y
C02626,Priya_2626,GOLD,Hyderabad,2023-10-08,Y
C02627,Neha_2627,BRONZE,Chennai,2025-12-11,Y
C02628,Neha_2628,BRONZE,Noida,2024-07-27,Y
C02629,Amit_2629,BRONZE,Ahmedabad,2024-07-24,Y
C02630,Karan_2630,BRONZE,Hyderabad,2023-02-01,Y
C02631,Arjun_2631,BRONZE,Ahmedabad,2025-03-15,Y
C02632,Sneha_2632,SILVER,Bangalore,2023-04-27,Y
C02633,Amit_2633,SILVER,Jaipur,2024-01-20,Y
C02634,Priya_2634,SILVER,Pune,2024-02-01,Y
C02635,Priya_2635,BRONZE,Chennai,2024-01-25,Y
C02636,Karan_2636,GOLD,Noida,2023-11-11,Y
C02637,Priya_2637,BRONZE,Hyderabad,2024-07-11,Y
C02638,Sneha_2638,SILVER,Noida,2023-04-11,Y
C02639,Arjun_2639,PLATINUM,Bangalore,2024-08-23,Y
C02640,Anuj_2640,GOLD,Hyderabad,2024-06-08,Y
C02641,Neha_2641,GOLD,Ahmedabad,2025-12-28,Y
C02642,Karan_2642,BRONZE,Bangalore,2024-04-08,Y
C02643,Vikram_2643,BRONZE,Kolkata,2025-01-27,Y
C02644,Karan_2644,GOLD,Pune,2025-03-07,Y
C02645,Priya_2645,SILVER,Noida,2024-12-17,Y
C02646,Riya_2646,SILVER,Delhi,2026-02-09,Y
C02647,Rahul_2647,SILVER,Ahmedabad,2024-07-05,Y
C02648,Amit_2648,BRONZE,Jaipur,2025-06-13,Y
C02649,Rahul_2649,BRONZE,Delhi,2023-06-20,Y
C02650,Vikram_2650,GOLD,Pune,2026-01-31,Y
C02651,Riya_2651,SILVER,Pune,2025-03-26,Y
C02652,Riya_2652,BRONZE,Hyderabad,2025-02-10,Y
C02653,Priya_2653,GOLD,Mumbai,2023-07-20,Y
C02654,Arjun_2654,GOLD,Pune,2023-07-10,Y
C02655,Anuj_2655,BRONZE,Kolkata,2024-07-03,Y
C02656,Anuj_2656,BRONZE,Hyderabad,2024-03-17,Y
C02657,Arjun_2657,SILVER,Kolkata,2025-02-08,Y
C02658,Rahul_2658,SILVER,Mumbai,2025-11-14,Y
C02659,Vikram_2659,BRONZE,Delhi,2024-06-21,Y
C02660,Priya_2660,GOLD,Jaipur,2025-03-02,Y
C02661,Arjun_2661,SILVER,Delhi,2024-10-21,Y
C02662,Vikram_2662,BRONZE,Noida,2023-08-22,Y
C02663,Arjun_2663,BRONZE,Delhi,2023-05-17,Y
C02664,Priya_2664,SILVER,Ahmedabad,2024-06-22,Y
C02665,Priya_2665,SILVER,Ahmedabad,2025-09-05,Y
C02666,Rahul_2666,BRONZE,Chennai,2024-02-28,Y
C02667,Anuj_2667,PLATINUM,Bangalore,2025-09-11,Y
C02668,Rahul_2668,BRONZE,Chennai,2023-10-10,Y
C02669,Rahul_2669,BRONZE,Kolkata,2025-10-16,Y
C02670,Neha_2670,BRONZE,Chennai,2025-11-18,Y
C02671,Rahul_2671,BRONZE,Jaipur,2025-03-29,Y
C02672,Anuj_2672,BRONZE,Ahmedabad,2023-04-16,Y
C02673,Vikram_2673,GOLD,Chennai,2023-09-26,Y
C02674,Neha_2674,BRONZE,Bangalore,2023-11-11,Y
C02675,Rahul_2675,BRONZE,Jaipur,2023-10-07,Y
C02676,Vikram_2676,PLATINUM,Kolkata,2024-07-06,Y
C02677,Vikram_2677,GOLD,Hyderabad,2025-03-18,Y
C02678,Karan_2678,GOLD,Ahmedabad,2023-06-03,Y
C02679,Riya_2679,SILVER,Jaipur,2024-04-28,Y
C02680,Rahul_2680,BRONZE,Pune,2026-03-04,Y
C02681,Karan_2681,GOLD,Pune,2025-08-25,Y
C02682,Karan_2682,BRONZE,Noida,2025-02-05,Y
C02683,Amit_2683,PLATINUM,Pune,2023-02-02,Y
C02684,Arjun_2684,BRONZE,Hyderabad,2025-04-27,Y
C02685,Sneha_2685,BRONZE,Jaipur,2026-03-02,Y
C02686,Priya_2686,SILVER,Mumbai,2023-10-01,Y
C02687,Arjun_2687,BRONZE,Delhi,2024-07-19,Y
C02688,Priya_2688,BRONZE,Bangalore,2025-05-21,Y
C02689,Rahul_2689,SILVER,Hyderabad,2025-03-12,Y
C02690,Karan_2690,BRONZE,Pune,2024-09-07,Y
C02691,Priya_2691,BRONZE,Jaipur,2023-04-24,Y
C02692,Rahul_2692,BRONZE,Mumbai,2025-07-11,Y
C02693,Arjun_2693,SILVER,Chennai,2024-10-10,Y
C02694,Neha_2694,BRONZE,Hyderabad,2025-10-09,Y
C02695,Rahul_2695,SILVER,Ahmedabad,2024-06-08,Y
C02696,Arjun_2696,BRONZE,Delhi,2023-11-01,Y
C02697,Rahul_2697,SILVER,Hyderabad,2024-03-05,Y
C02698,Karan_2698,BRONZE,Delhi,2024-06-26,Y
C02699,Riya_2699,SILVER,Ahmedabad,2024-06-21,Y
C02700,Neha_2700,PLATINUM,Bangalore,2024-11-21,Y
C02701,Riya_2701,SILVER,Kolkata,2025-12-27,Y
C02702,Riya_2702,BRONZE,Ahmedabad,2025-03-10,Y
C02703,Riya_2703,BRONZE,Mumbai,2026-02-26,Y
C02704,Karan_2704,BRONZE,Kolkata,2025-10-30,Y
C02705,Arjun_2705,SILVER,Hyderabad,2025-09-26,Y
C02706,Priya_2706,SILVER,Jaipur,2025-07-25,Y
C02707,Arjun_2707,SILVER,Pune,2024-04-21,Y
C02708,Neha_2708,BRONZE,Hyderabad,2025-11-23,Y
C02709,Neha_2709,BRONZE,Noida,2023-02-16,Y
C02710,Neha_2710,GOLD,Mumbai,2023-01-05,Y
C02711,Karan_2711,SILVER,Pune,2024-10-22,Y
C02712,Neha_2712,GOLD,Jaipur,2025-09-06,Y
C02713,Riya_2713,SILVER,Delhi,2024-01-29,Y
C02714,Anuj_2714,BRONZE,Ahmedabad,2024-04-27,Y
C02715,Neha_2715,BRONZE,Delhi,2025-01-06,Y
C02716,Vikram_2716,BRONZE,Bangalore,2024-01-06,Y
C02717,Vikram_2717,BRONZE,Bangalore,2023-03-01,Y
C02718,Vikram_2718,BRONZE,Delhi,2025-06-14,Y
C02719,Anuj_2719,GOLD,Delhi,2025-11-10,Y
C02720,Karan_2720,BRONZE,Delhi,2024-06-25,Y
C02721,Vikram_2721,BRONZE,Jaipur,2023-06-18,Y
C02722,Arjun_2722,BRONZE,Delhi,2023-02-27,Y
C02723,Sneha_2723,BRONZE,Mumbai,2023-03-06,Y
C02724,Neha_2724,BRONZE,Kolkata,2024-10-11,Y
C02725,Sneha_2725,BRONZE,Chennai,2025-10-22,Y
C02726,Amit_2726,GOLD,Chennai,2024-10-25,Y
C02727,Rahul_2727,BRONZE,Kolkata,2023-12-16,Y
C02728,Anuj_2728,GOLD,Noida,2026-03-14,Y
C02729,Neha_2729,BRONZE,Ahmedabad,2025-05-11,Y
C02730,Sneha_2730,BRONZE,Jaipur,2025-01-14,Y
C02731,Vikram_2731,BRONZE,Hyderabad,2025-09-28,Y
C02732,Amit_2732,BRONZE,Bangalore,2023-01-16,Y
C02733,Riya_2733,SILVER,Delhi,2026-02-07,Y
C02734,Amit_2734,SILVER,Kolkata,2025-06-22,Y
C02735,Anuj_2735,BRONZE,Ahmedabad,2023-06-04,Y
C02736,Amit_2736,BRONZE,Noida,2023-05-01,Y
C02737,Anuj_2737,BRONZE,Chennai,2023-11-27,Y
C02738,Rahul_2738,BRONZE,Chennai,2025-07-08,Y
C02739,Arjun_2739,GOLD,Pune,2024-12-01,Y
C02740,Rahul_2740,SILVER,Hyderabad,2023-11-30,Y
C02741,Arjun_2741,GOLD,Noida,2023-02-16,Y
C02742,Karan_2742,SILVER,Bangalore,2023-07-01,Y
C02743,Sneha_2743,BRONZE,Jaipur,2026-02-21,N
C02744,Sneha_2744,BRONZE,Hyderabad,2024-12-01,Y
C02745,Priya_2745,BRONZE,Kolkata,2024-09-08,Y
C02746,Rahul_2746,SILVER,Kolkata,2024-11-16,Y
C02747,Sneha_2747,GOLD,Ahmedabad,2023-03-14,Y
C02748,Anuj_2748,PLATINUM,Ahmedabad,2024-09-12,Y
C02749,Amit_2749,BRONZE,Jaipur,2025-12-07,Y
C02750,Priya_2750,BRONZE,Delhi,2025-02-13,Y
C02751,Anuj_2751,PLATINUM,Ahmedabad,2023-02-21,Y
C02752,Sneha_2752,SILVER,Ahmedabad,2023-02-01,Y
C02753,Anuj_2753,GOLD,Kolkata,2023-11-25,Y
C02754,Priya_2754,SILVER,Pune,2024-01-04,Y
C02755,Karan_2755,GOLD,Pune,2023-06-11,Y
C02756,Riya_2756,GOLD,Bangalore,2025-07-26,Y
C02757,Vikram_2757,GOLD,Ahmedabad,2025-05-03,Y
C02758,Arjun_2758,SILVER,Bangalore,2023-04-29,Y
C02759,Riya_2759,SILVER,Bangalore,2025-11-27,Y
C02760,Anuj_2760,GOLD,Ahmedabad,2025-06-08,Y
C02761,Rahul_2761,SILVER,Jaipur,2026-02-19,Y
C02762,Amit_2762,PLATINUM,Pune,2025-01-10,Y
C02763,Priya_2763,BRONZE,Noida,2023-05-25,Y
C02764,Arjun_2764,BRONZE,Jaipur,2024-09-24,Y
C02765,Vikram_2765,GOLD,Jaipur,2023-10-02,Y
C02766,Rahul_2766,GOLD,Noida,2025-04-21,Y
C02767,Amit_2767,BRONZE,Kolkata,2023-07-01,Y
C02768,Arjun_2768,SILVER,Jaipur,2023-08-13,Y
C02769,Priya_2769,BRONZE,Ahmedabad,2024-11-09,Y
C02770,Amit_2770,BRONZE,Ahmedabad,2025-12-14,Y
C02771,Riya_2771,SILVER,Hyderabad,2023-06-23,Y
C02772,Sneha_2772,BRONZE,Kolkata,2023-12-16,Y
C02773,Arjun_2773,BRONZE,Noida,2024-02-09,Y
C02774,Karan_2774,PLATINUM,Delhi,2025-06-14,Y
C02775,Priya_2775,BRONZE,Noida,2023-07-15,Y
C02776,Priya_2776,BRONZE,Hyderabad,2024-05-06,Y
C02777,Riya_2777,SILVER,Hyderabad,2025-12-25,Y
C02778,Arjun_2778,GOLD,Mumbai,2026-02-23,Y
C02779,Amit_2779,BRONZE,Mumbai,2024-11-25,Y
C02780,Amit_2780,GOLD,Ahmedabad,2024-02-17,Y
C02781,Anuj_2781,BRONZE,Hyderabad,2025-07-07,Y
C02782,Arjun_2782,BRONZE,Chennai,2026-04-13,Y
C02783,Karan_2783,GOLD,Hyderabad,2025-11-27,Y
C02784,Rahul_2784,GOLD,Hyderabad,2024-06-06,Y
C02785,Sneha_2785,SILVER,Bangalore,2023-09-25,Y
C02786,Arjun_2786,SILVER,Ahmedabad,2024-09-25,Y
C02787,Sneha_2787,BRONZE,Delhi,2025-02-16,Y
C02788,Karan_2788,SILVER,Kolkata,2025-03-23,Y
C02789,Anuj_2789,SILVER,Mumbai,2025-04-12,Y
C02790,Sneha_2790,BRONZE,Pune,2024-05-03,Y
C02791,Neha_2791,BRONZE,Hyderabad,2025-01-28,Y
C02792,Neha_2792,SILVER,Jaipur,2023-07-24,Y
C02793,Rahul_2793,GOLD,Noida,2025-06-13,Y
C02794,Vikram_2794,BRONZE,Jaipur,2023-08-25,Y
C02795,Vikram_2795,BRONZE,Hyderabad,2024-05-25,Y
C02796,Amit_2796,SILVER,Chennai,2026-01-08,Y
C02797,Sneha_2797,BRONZE,Kolkata,2025-09-15,Y
C02798,Priya_2798,BRONZE,Delhi,2026-02-04,Y
C02799,Amit_2799,BRONZE,Pune,2024-09-17,Y
C02800,Arjun_2800,BRONZE,Jaipur,2025-05-14,Y
C02801,Sneha_2801,BRONZE,Pune,2025-04-07,Y
C02802,Karan_2802,SILVER,Noida,2024-05-15,Y
C02803,Neha_2803,BRONZE,Mumbai,2024-01-28,Y
C02804,Riya_2804,SILVER,Delhi,2024-02-05,Y
C02805,Arjun_2805,SILVER,Kolkata,2024-07-11,Y
C02806,Neha_2806,BRONZE,Noida,2023-08-18,Y
C02807,Vikram_2807,BRONZE,Kolkata,2023-10-31,Y
C02808,Sneha_2808,BRONZE,Ahmedabad,2025-03-06,Y
C02809,Arjun_2809,GOLD,Jaipur,2025-03-22,Y
C02810,Sneha_2810,PLATINUM,Delhi,2026-02-18,Y
C02811,Sneha_2811,BRONZE,Jaipur,2024-03-09,Y
C02812,Neha_2812,GOLD,Delhi,2024-10-04,Y
C02813,Neha_2813,SILVER,Pune,2023-10-20,Y
C02814,Neha_2814,BRONZE,Kolkata,2023-03-29,Y
C02815,Sneha_2815,BRONZE,Pune,2025-01-18,Y
C02816,Amit_2816,BRONZE,Hyderabad,2025-11-29,Y
C02817,Rahul_2817,SILVER,Mumbai,2023-10-04,Y
C02818,Rahul_2818,BRONZE,Mumbai,2025-12-09,Y
C02819,Arjun_2819,SILVER,Jaipur,2025-08-14,Y
C02820,Neha_2820,BRONZE,Chennai,2024-04-07,Y
C02821,Arjun_2821,BRONZE,Kolkata,2023-10-24,Y
C02822,Sneha_2822,SILVER,Jaipur,2025-10-06,Y
C02823,Anuj_2823,BRONZE,Jaipur,2023-04-02,Y
C02824,Vikram_2824,BRONZE,Pune,2025-02-16,Y
C02825,Arjun_2825,BRONZE,Ahmedabad,2024-08-22,Y
C02826,Neha_2826,BRONZE,Pune,2026-01-29,Y
C02827,Amit_2827,GOLD,Mumbai,2026-02-28,Y
C02828,Rahul_2828,GOLD,Chennai,2025-09-12,Y
C02829,Sneha_2829,BRONZE,Bangalore,2025-10-04,Y
C02830,Arjun_2830,BRONZE,Ahmedabad,2024-05-14,Y
C02831,Vikram_2831,SILVER,Jaipur,2025-10-27,Y
C02832,Anuj_2832,BRONZE,Pune,2024-08-18,Y
C02833,Riya_2833,BRONZE,Noida,2025-11-10,Y
C02834,Priya_2834,BRONZE,Noida,2025-09-05,Y
C02835,Anuj_2835,PLATINUM,Ahmedabad,2024-12-26,Y
C02836,Vikram_2836,SILVER,Jaipur,2023-07-21,Y
C02837,Sneha_2837,SILVER,Chennai,2023-06-02,Y
C02838,Neha_2838,BRONZE,Hyderabad,2024-05-24,Y
C02839,Amit_2839,PLATINUM,Chennai,2025-04-07,Y
C02840,Rahul_2840,PLATINUM,Bangalore,2023-10-21,Y
C02841,Arjun_2841,SILVER,Kolkata,2024-11-01,Y
C02842,Karan_2842,SILVER,Mumbai,2023-09-01,Y
C02843,Riya_2843,GOLD,Mumbai,2024-12-24,Y
C02844,Riya_2844,BRONZE,Chennai,2023-10-23,Y
C02845,Anuj_2845,SILVER,Bangalore,2024-02-10,Y
C02846,Arjun_2846,BRONZE,Noida,2025-03-16,Y
C02847,Amit_2847,SILVER,Mumbai,2026-02-11,Y
C02848,Rahul_2848,GOLD,Bangalore,2025-08-07,Y
C02849,Vikram_2849,BRONZE,Noida,2025-12-05,Y
C02850,Anuj_2850,BRONZE,Chennai,2023-03-05,Y
C02851,Priya_2851,BRONZE,Hyderabad,2025-11-24,Y
C02852,Anuj_2852,BRONZE,Noida,2025-08-31,Y
C02853,Neha_2853,SILVER,Chennai,2023-12-02,Y
C02854,Karan_2854,BRONZE,Pune,2023-04-13,Y
C02855,Neha_2855,BRONZE,Pune,2025-07-04,Y
C02856,Riya_2856,BRONZE,Delhi,2023-01-20,Y
C02857,Riya_2857,BRONZE,Mumbai,2025-05-24,Y
C02858,Rahul_2858,PLATINUM,Jaipur,2024-06-01,Y
C02859,Anuj_2859,BRONZE,Pune,2023-07-17,Y
C02860,Vikram_2860,GOLD,Chennai,2023-03-18,Y
C02861,Neha_2861,SILVER,Kolkata,2023-04-17,Y
C02862,Anuj_2862,BRONZE,Mumbai,2023-08-14,Y
C02863,Karan_2863,SILVER,Hyderabad,2024-04-21,Y
C02864,Priya_2864,SILVER,Pune,2025-12-07,Y
C02865,Karan_2865,BRONZE,Pune,2024-03-12,Y
C02866,Anuj_2866,SILVER,Delhi,2024-02-14,Y
C02867,Neha_2867,SILVER,Chennai,2023-07-22,Y
C02868,Sneha_2868,SILVER,Ahmedabad,2024-06-04,Y
C02869,Rahul_2869,BRONZE,Bangalore,2025-03-28,Y
C02870,Amit_2870,SILVER,Pune,2026-02-23,Y
C02871,Karan_2871,SILVER,Noida,2024-05-26,Y
C02872,Anuj_2872,GOLD,Noida,2024-01-11,Y
C02873,Anuj_2873,SILVER,Mumbai,2023-05-10,Y
C02874,Karan_2874,BRONZE,Mumbai,2026-03-30,Y
C02875,Rahul_2875,BRONZE,Jaipur,2023-03-24,Y
C02876,Neha_2876,BRONZE,Mumbai,2025-07-01,Y
C02877,Priya_2877,SILVER,Bangalore,2025-11-23,Y
C02878,Neha_2878,BRONZE,Hyderabad,2024-10-12,Y
C02879,Amit_2879,BRONZE,Ahmedabad,2024-10-12,Y
C02880,Karan_2880,SILVER,Noida,2023-11-22,Y
C02881,Priya_2881,BRONZE,Delhi,2026-01-20,Y
C02882,Karan_2882,BRONZE,Mumbai,2023-09-01,Y
C02883,Sneha_2883,PLATINUM,Noida,2024-09-12,Y
C02884,Vikram_2884,SILVER,Hyderabad,2025-03-30,Y
C02885,Amit_2885,GOLD,Jaipur,2024-12-21,Y
C02886,Arjun_2886,SILVER,Chennai,2024-04-14,Y
C02887,Priya_2887,BRONZE,Hyderabad,2023-10-26,Y
C02888,Rahul_2888,GOLD,Mumbai,2025-06-06,Y
C02889,Neha_2889,SILVER,Ahmedabad,2023-01-26,Y
C02890,Priya_2890,SILVER,Bangalore,2025-09-06,Y
C02891,Neha_2891,SILVER,Noida,2024-07-17,Y
C02892,Rahul_2892,GOLD,Pune,2023-03-22,Y
C02893,Priya_2893,BRONZE,Mumbai,2025-03-08,Y
C02894,Amit_2894,SILVER,Chennai,2023-06-27,Y
C02895,Priya_2895,BRONZE,Bangalore,2023-01-09,Y
C02896,Sneha_2896,BRONZE,Pune,2024-06-25,Y
C02897,Neha_2897,GOLD,Mumbai,2023-06-22,Y
C02898,Vikram_2898,BRONZE,Mumbai,2023-09-23,Y
C02899,Priya_2899,BRONZE,Chennai,2023-08-26,Y
C02900,Riya_2900,BRONZE,Ahmedabad,2023-06-01,Y
C02901,Amit_2901,SILVER,Jaipur,2023-09-07,Y
C02902,Rahul_2902,PLATINUM,Chennai,2025-11-21,Y
C02903,Karan_2903,GOLD,Mumbai,2023-01-05,Y
C02904,Vikram_2904,BRONZE,Kolkata,2024-05-08,Y
C02905,Anuj_2905,SILVER,Kolkata,2024-05-11,Y
C02906,Vikram_2906,BRONZE,Hyderabad,2024-05-30,Y
C02907,Neha_2907,SILVER,Bangalore,2024-11-11,Y
C02908,Amit_2908,SILVER,Jaipur,2024-06-23,Y
C02909,Sneha_2909,BRONZE,Hyderabad,2024-04-17,Y
C02910,Vikram_2910,BRONZE,Hyderabad,2023-02-21,Y
C02911,Sneha_2911,GOLD,Mumbai,2024-11-25,Y
C02912,Sneha_2912,BRONZE,Chennai,2025-03-02,Y
C02913,Vikram_2913,BRONZE,Jaipur,2024-03-11,Y
C02914,Arjun_2914,SILVER,Ahmedabad,2025-08-19,Y
C02915,Neha_2915,BRONZE,Kolkata,2023-12-15,Y
C02916,Amit_2916,SILVER,Pune,2024-07-11,Y
C02917,Vikram_2917,BRONZE,Pune,2025-03-31,Y
C02918,Priya_2918,BRONZE,Jaipur,2025-06-01,Y
C02919,Vikram_2919,GOLD,Pune,2025-03-18,Y
C02920,Amit_2920,SILVER,Delhi,2023-05-18,Y
C02921,Anuj_2921,BRONZE,Kolkata,2023-07-28,Y
C02922,Amit_2922,BRONZE,Jaipur,2025-10-02,Y
C02923,Amit_2923,BRONZE,Jaipur,2024-09-27,Y
C02924,Neha_2924,SILVER,Ahmedabad,2023-03-02,Y
C02925,Arjun_2925,SILVER,Mumbai,2024-01-29,Y
C02926,Riya_2926,PLATINUM,Hyderabad,2023-06-03,Y
C02927,Anuj_2927,BRONZE,Kolkata,2025-02-19,Y
C02928,Amit_2928,SILVER,Delhi,2024-06-29,Y
C02929,Sneha_2929,BRONZE,Bangalore,2025-08-27,Y
C02930,Amit_2930,BRONZE,Jaipur,2023-01-31,Y
C02931,Arjun_2931,GOLD,Kolkata,2024-12-27,Y
C02932,Sneha_2932,BRONZE,Hyderabad,2024-07-01,Y
C02933,Rahul_2933,SILVER,Chennai,2023-01-01,Y
C02934,Vikram_2934,GOLD,Kolkata,2024-02-18,Y
C02935,Neha_2935,SILVER,Jaipur,2025-11-14,Y
C02936,Sneha_2936,SILVER,Bangalore,2025-03-13,Y
C02937,Arjun_2937,SILVER,Noida,2025-09-29,Y
C02938,Amit_2938,SILVER,Delhi,2024-02-08,Y
C02939,Priya_2939,GOLD,Jaipur,2023-05-24,Y
C02940,Neha_2940,SILVER,Hyderabad,2023-04-22,Y
C02941,Amit_2941,BRONZE,Mumbai,2023-07-08,Y
C02942,Riya_2942,BRONZE,Jaipur,2023-10-17,Y
C02943,Priya_2943,GOLD,Kolkata,2025-09-07,Y
C02944,Vikram_2944,SILVER,Bangalore,2026-02-18,Y
C02945,Arjun_2945,BRONZE,Pune,2025-04-12,Y
C02946,Karan_2946,BRONZE,Ahmedabad,2024-10-02,Y
C02947,Vikram_2947,GOLD,Bangalore,2024-01-10,Y
C02948,Anuj_2948,SILVER,Chennai,2025-07-14,Y
C02949,Amit_2949,GOLD,Delhi,2024-08-16,Y
C02950,Sneha_2950,BRONZE,Hyderabad,2024-10-19,Y
C02951,Riya_2951,BRONZE,Ahmedabad,2024-06-07,Y
C02952,Karan_2952,SILVER,Noida,2025-06-06,Y
C02953,Karan_2953,BRONZE,Bangalore,2026-01-31,Y
C02954,Sneha_2954,BRONZE,Kolkata,2023-01-05,N
C02955,Priya_2955,GOLD,Jaipur,2023-04-25,Y
C02956,Neha_2956,GOLD,Mumbai,2023-09-07,Y
C02957,Arjun_2957,PLATINUM,Pune,2025-08-31,Y
C02958,Arjun_2958,SILVER,Noida,2026-03-11,Y
C02959,Neha_2959,BRONZE,Mumbai,2023-05-03,Y
C02960,Karan_2960,BRONZE,Jaipur,2024-08-03,Y
C02961,Amit_2961,BRONZE,Noida,2023-06-01,Y
C02962,Neha_2962,GOLD,Noida,2026-04-05,Y
C02963,Amit_2963,GOLD,Pune,2023-02-01,Y
C02964,Karan_2964,BRONZE,Ahmedabad,2024-08-23,Y
C02965,Neha_2965,BRONZE,Chennai,2023-02-20,Y
C02966,Neha_2966,GOLD,Chennai,2024-11-13,Y
C02967,Arjun_2967,BRONZE,Mumbai,2024-02-26,Y
C02968,Priya_2968,BRONZE,Kolkata,2024-03-04,Y
C02969,Arjun_2969,BRONZE,Ahmedabad,2024-07-09,Y
C02970,Sneha_2970,BRONZE,Bangalore,2024-04-07,Y
C02971,Karan_2971,SILVER,Hyderabad,2024-11-21,Y
C02972,Priya_2972,SILVER,Hyderabad,2025-05-05,Y
C02973,Sneha_2973,SILVER,Bangalore,2026-03-18,Y
C02974,Sneha_2974,SILVER,Delhi,2025-12-05,Y
C02975,Arjun_2975,BRONZE,Bangalore,2023-09-19,Y
C02976,Rahul_2976,BRONZE,Noida,2023-11-01,Y
C02977,Priya_2977,BRONZE,Delhi,2023-06-05,Y
C02978,Riya_2978,SILVER,Chennai,2023-04-23,Y
C02979,Riya_2979,GOLD,Mumbai,2026-03-18,Y
C02980,Rahul_2980,SILVER,Delhi,2025-03-05,Y
C02981,Anuj_2981,GOLD,Jaipur,2026-02-20,Y
C02982,Sneha_2982,BRONZE,Mumbai,2024-01-29,Y
C02983,Sneha_2983,BRONZE,Mumbai,2023-07-03,Y
C02984,Priya_2984,GOLD,Noida,2024-09-05,Y
C02985,Riya_2985,SILVER,Bangalore,2024-07-19,Y
C02986,Vikram_2986,BRONZE,Hyderabad,2026-01-04,Y
C02987,Sneha_2987,BRONZE,Noida,2025-08-10,Y
C02988,Karan_2988,PLATINUM,Pune,2025-02-14,Y
C02989,Karan_2989,SILVER,Kolkata,2023-10-20,Y
C02990,Amit_2990,BRONZE,Bangalore,2023-07-13,Y
C02991,Sneha_2991,BRONZE,Chennai,2025-08-14,Y
C02992,Neha_2992,SILVER,Pune,2025-06-11,Y
C02993,Anuj_2993,SILVER,Pune,2025-12-25,Y
C02994,Amit_2994,BRONZE,Mumbai,2024-02-25,Y
C02995,Karan_2995,GOLD,Noida,2026-04-04,Y
C02996,Riya_2996,SILVER,Kolkata,2024-09-27,Y
C02997,Riya_2997,GOLD,Chennai,2024-05-11,Y
C02998,Arjun_2998,PLATINUM,Noida,2023-10-04,Y
C02999,Anuj_2999,SILVER,Noida,2024-11-16,Y
C03000,Arjun_3000,GOLD,Noida,2023-05-27,Y
C03001,Amit_3001,GOLD,Mumbai,2024-04-19,Y
C03002,Priya_3002,SILVER,Delhi,2024-04-17,Y
C03003,Vikram_3003,SILVER,Noida,2025-12-05,Y
C03004,Amit_3004,GOLD,Jaipur,2024-04-29,Y
C03005,Amit_3005,BRONZE,Kolkata,2023-01-06,Y
C03006,Priya_3006,SILVER,Delhi,2025-05-26,Y
C03007,Neha_3007,GOLD,Chennai,2025-04-05,Y
C03008,Amit_3008,BRONZE,Delhi,2025-12-01,Y
C03009,Anuj_3009,SILVER,Jaipur,2023-07-21,Y
C03010,Arjun_3010,BRONZE,Pune,2025-12-03,Y
C03011,Amit_3011,SILVER,Chennai,2024-09-02,Y
C03012,Neha_3012,SILVER,Chennai,2026-04-13,Y
C03013,Amit_3013,BRONZE,Bangalore,2026-02-08,Y
C03014,Karan_3014,GOLD,Ahmedabad,2025-02-23,Y
C03015,Amit_3015,BRONZE,Pune,2024-01-08,Y
C03016,Karan_3016,BRONZE,Hyderabad,2023-02-24,Y
C03017,Neha_3017,BRONZE,Bangalore,2024-05-17,Y
C03018,Amit_3018,BRONZE,Chennai,2023-07-25,Y
C03019,Karan_3019,BRONZE,Kolkata,2024-12-23,Y
C03020,Neha_3020,BRONZE,Noida,2025-11-03,Y
C03021,Karan_3021,BRONZE,Noida,2024-06-19,Y
C03022,Rahul_3022,SILVER,Pune,2026-02-02,Y
C03023,Anuj_3023,BRONZE,Bangalore,2023-08-16,Y
C03024,Amit_3024,BRONZE,Noida,2026-01-02,Y
C03025,Priya_3025,BRONZE,Mumbai,2025-09-19,Y
C03026,Amit_3026,BRONZE,Mumbai,2024-07-11,Y
C03027,Karan_3027,SILVER,Mumbai,2024-11-17,Y
C03028,Amit_3028,GOLD,Pune,2024-11-10,Y
C03029,Neha_3029,SILVER,Noida,2026-02-10,Y
C03030,Amit_3030,SILVER,Ahmedabad,2025-08-28,Y
C03031,Neha_3031,BRONZE,Noida,2024-06-17,Y
C03032,Sneha_3032,GOLD,Kolkata,2023-01-24,Y
C03033,Amit_3033,BRONZE,Ahmedabad,2024-05-09,Y
C03034,Amit_3034,BRONZE,Noida,2025-11-12,Y
C03035,Rahul_3035,GOLD,Delhi,2024-03-21,Y
C03036,Vikram_3036,PLATINUM,Pune,2024-12-17,Y
C03037,Riya_3037,BRONZE,Kolkata,2024-07-05,Y
C03038,Priya_3038,SILVER,Kolkata,2023-08-14,Y
C03039,Amit_3039,BRONZE,Pune,2023-10-12,Y
C03040,Sneha_3040,BRONZE,Noida,2023-06-20,Y
C03041,Priya_3041,BRONZE,Pune,2024-05-25,Y
C03042,Anuj_3042,BRONZE,Jaipur,2024-11-26,Y
C03043,Vikram_3043,SILVER,Noida,2023-03-11,Y
C03044,Neha_3044,BRONZE,Hyderabad,2024-11-05,Y
C03045,Amit_3045,SILVER,Pune,2024-06-27,Y
C03046,Arjun_3046,SILVER,Noida,2025-01-14,Y
C03047,Sneha_3047,SILVER,Jaipur,2023-01-15,Y
C03048,Riya_3048,SILVER,Delhi,2023-11-26,Y
C03049,Riya_3049,BRONZE,Bangalore,2023-08-17,Y
C03050,Priya_3050,BRONZE,Hyderabad,2024-08-27,Y
C03051,Amit_3051,BRONZE,Ahmedabad,2024-08-05,Y
C03052,Riya_3052,SILVER,Chennai,2026-04-12,Y
C03053,Rahul_3053,GOLD,Ahmedabad,2023-11-07,Y
C03054,Vikram_3054,BRONZE,Ahmedabad,2024-05-17,Y
C03055,Arjun_3055,SILVER,Bangalore,2026-03-09,Y
C03056,Vikram_3056,SILVER,Jaipur,2026-01-01,Y
C03057,Riya_3057,BRONZE,Ahmedabad,2024-04-27,Y
C03058,Rahul_3058,BRONZE,Hyderabad,2025-10-26,Y
C03059,Vikram_3059,BRONZE,Kolkata,2025-04-12,Y
C03060,Anuj_3060,BRONZE,Jaipur,2025-05-21,Y
C03061,Amit_3061,BRONZE,Hyderabad,2024-12-20,Y
C03062,Karan_3062,SILVER,Pune,2023-11-07,Y
C03063,Rahul_3063,SILVER,Kolkata,2023-07-28,Y
C03064,Amit_3064,GOLD,Jaipur,2023-09-18,Y
C03065,Priya_3065,BRONZE,Chennai,2024-10-14,Y
C03066,Vikram_3066,SILVER,Jaipur,2025-04-19,Y
C03067,Priya_3067,SILVER,Ahmedabad,2025-05-15,Y
C03068,Amit_3068,BRONZE,Noida,2024-06-23,Y
C03069,Sneha_3069,BRONZE,Ahmedabad,2024-12-22,Y
C03070,Amit_3070,BRONZE,Delhi,2024-10-29,Y
C03071,Anuj_3071,BRONZE,Mumbai,2026-03-14,Y
C03072,Rahul_3072,GOLD,Noida,2024-01-05,Y
C03073,Priya_3073,BRONZE,Jaipur,2024-12-30,Y
C03074,Sneha_3074,BRONZE,Mumbai,2026-01-03,Y
C03075,Amit_3075,SILVER,Chennai,2023-03-15,Y
C03076,Arjun_3076,BRONZE,Ahmedabad,2025-05-08,Y
C03077,Anuj_3077,GOLD,Noida,2024-12-23,Y
C03078,Amit_3078,SILVER,Ahmedabad,2024-05-05,Y
C03079,Vikram_3079,BRONZE,Chennai,2025-04-09,Y
C03080,Vikram_3080,BRONZE,Pune,2026-03-20,Y
C03081,Karan_3081,SILVER,Kolkata,2026-04-03,Y
C03082,Riya_3082,SILVER,Bangalore,2023-03-20,Y
C03083,Arjun_3083,GOLD,Noida,2024-11-13,Y
C03084,Neha_3084,GOLD,Ahmedabad,2024-08-16,Y
C03085,Rahul_3085,SILVER,Chennai,2023-04-12,Y
C03086,Arjun_3086,GOLD,Chennai,2023-08-15,Y
C03087,Karan_3087,GOLD,Bangalore,2023-07-18,Y
C03088,Amit_3088,SILVER,Bangalore,2025-04-26,Y
C03089,Vikram_3089,PLATINUM,Bangalore,2025-01-24,Y
C03090,Rahul_3090,SILVER,Kolkata,2025-09-18,Y
C03091,Priya_3091,BRONZE,Kolkata,2023-09-21,Y
C03092,Karan_3092,BRONZE,Ahmedabad,2025-07-15,Y
C03093,Priya_3093,BRONZE,Bangalore,2025-04-17,Y
C03094,Priya_3094,SILVER,Noida,2024-01-10,Y
C03095,Priya_3095,SILVER,Delhi,2025-12-10,Y
C03096,Sneha_3096,GOLD,Chennai,2023-03-27,Y
C03097,Amit_3097,BRONZE,Hyderabad,2025-03-03,Y
C03098,Vikram_3098,SILVER,Mumbai,2024-11-16,Y
C03099,Riya_3099,BRONZE,Chennai,2025-03-27,Y
C03100,Priya_3100,BRONZE,Kolkata,2024-02-21,Y
C03101,Rahul_3101,BRONZE,Hyderabad,2026-04-11,Y
C03102,Neha_3102,BRONZE,Pune,2024-02-24,Y
C03103,Rahul_3103,SILVER,Chennai,2023-11-29,Y
C03104,Sneha_3104,BRONZE,Pune,2025-02-13,Y
C03105,Anuj_3105,BRONZE,Bangalore,2024-06-09,Y
C03106,Sneha_3106,BRONZE,Jaipur,2023-11-30,Y
C03107,Arjun_3107,SILVER,Hyderabad,2024-02-23,Y
C03108,Vikram_3108,GOLD,Mumbai,2025-08-25,Y
C03109,Rahul_3109,SILVER,Mumbai,2024-09-14,Y
C03110,Karan_3110,SILVER,Hyderabad,2025-02-03,Y
C03111,Sneha_3111,SILVER,Chennai,2023-11-28,Y
C03112,Sneha_3112,SILVER,Kolkata,2025-10-13,Y
C03113,Riya_3113,SILVER,Pune,2023-02-01,Y
C03114,Vikram_3114,GOLD,Ahmedabad,2023-11-13,Y
C03115,Vikram_3115,BRONZE,Kolkata,2023-09-13,Y
C03116,Karan_3116,SILVER,Noida,2023-05-16,Y
C03117,Arjun_3117,PLATINUM,Noida,2023-11-03,Y
C03118,Amit_3118,SILVER,Hyderabad,2025-03-08,Y
C03119,Sneha_3119,SILVER,Hyderabad,2026-01-16,Y
C03120,Arjun_3120,BRONZE,Chennai,2023-06-23,Y
C03121,Neha_3121,BRONZE,Chennai,2023-01-18,Y
C03122,Neha_3122,BRONZE,Delhi,2023-05-20,Y
C03123,Vikram_3123,GOLD,Bangalore,2024-08-16,Y
C03124,Sneha_3124,GOLD,Hyderabad,2024-05-14,Y
C03125,Vikram_3125,BRONZE,Ahmedabad,2024-01-04,Y
C03126,Riya_3126,SILVER,Hyderabad,2026-03-31,Y
C03127,Riya_3127,BRONZE,Jaipur,2026-04-10,Y
C03128,Sneha_3128,BRONZE,Chennai,2023-07-17,Y
C03129,Vikram_3129,BRONZE,Noida,2023-07-08,Y
C03130,Rahul_3130,SILVER,Noida,2025-10-30,Y
C03131,Anuj_3131,BRONZE,Chennai,2025-12-15,Y
C03132,Karan_3132,BRONZE,Delhi,2024-02-29,Y
C03133,Rahul_3133,GOLD,Hyderabad,2023-09-13,Y
C03134,Sneha_3134,SILVER,Noida,2023-05-28,Y
C03135,Vikram_3135,BRONZE,Kolkata,2025-02-03,Y
C03136,Arjun_3136,BRONZE,Hyderabad,2024-01-30,Y
C03137,Amit_3137,SILVER,Delhi,2025-10-11,Y
C03138,Arjun_3138,BRONZE,Ahmedabad,2024-08-26,Y
C03139,Vikram_3139,SILVER,Delhi,2025-11-02,Y
C03140,Rahul_3140,GOLD,Pune,2025-04-25,Y
C03141,Sneha_3141,BRONZE,Hyderabad,2026-01-19,Y
C03142,Arjun_3142,GOLD,Chennai,2025-07-05,Y
C03143,Riya_3143,SILVER,Hyderabad,2025-04-27,Y
C03144,Rahul_3144,SILVER,Chennai,2025-09-23,Y
C03145,Amit_3145,GOLD,Pune,2023-03-25,Y
C03146,Riya_3146,SILVER,Bangalore,2024-04-05,Y
C03147,Vikram_3147,PLATINUM,Kolkata,2023-07-19,Y
C03148,Anuj_3148,BRONZE,Mumbai,2026-01-19,Y
C03149,Priya_3149,GOLD,Chennai,2023-03-12,Y
C03150,Riya_3150,BRONZE,Bangalore,2025-07-11,Y
C03151,Priya_3151,SILVER,Hyderabad,2023-09-23,Y
C03152,Vikram_3152,BRONZE,Mumbai,2026-03-05,Y
C03153,Neha_3153,BRONZE,Mumbai,2023-11-25,Y
C03154,Anuj_3154,BRONZE,Ahmedabad,2023-10-22,Y
C03155,Karan_3155,BRONZE,Pune,2023-06-20,Y
C03156,Neha_3156,SILVER,Hyderabad,2023-12-12,Y
C03157,Sneha_3157,GOLD,Jaipur,2025-08-14,Y
C03158,Amit_3158,SILVER,Bangalore,2023-10-07,Y
C03159,Priya_3159,GOLD,Ahmedabad,2024-03-22,Y
C03160,Anuj_3160,BRONZE,Jaipur,2023-07-09,Y
C03161,Priya_3161,SILVER,Bangalore,2023-02-16,Y
C03162,Vikram_3162,BRONZE,Ahmedabad,2025-03-09,Y
C03163,Arjun_3163,BRONZE,Kolkata,2025-08-17,Y
C03164,Rahul_3164,SILVER,Delhi,2025-05-10,Y
C03165,Neha_3165,SILVER,Ahmedabad,2025-11-20,N
C03166,Amit_3166,GOLD,Delhi,2024-07-14,Y
C03167,Amit_3167,BRONZE,Delhi,2026-03-01,Y
C03168,Neha_3168,GOLD,Jaipur,2026-04-04,Y
C03169,Amit_3169,BRONZE,Bangalore,2024-06-24,Y
C03170,Rahul_3170,BRONZE,Ahmedabad,2025-07-07,Y
C03171,Amit_3171,BRONZE,Kolkata,2024-07-16,Y
C03172,Amit_3172,GOLD,Bangalore,2025-08-25,Y
C03173,Vikram_3173,SILVER,Mumbai,2026-03-22,Y
C03174,Neha_3174,BRONZE,Noida,2023-01-12,Y
C03175,Anuj_3175,SILVER,Mumbai,2023-05-12,Y
C03176,Karan_3176,BRONZE,Chennai,2025-08-18,Y
C03177,Riya_3177,GOLD,Bangalore,2025-08-11,Y
C03178,Arjun_3178,BRONZE,Noida,2025-08-02,Y
C03179,Neha_3179,PLATINUM,Kolkata,2023-06-14,Y
C03180,Arjun_3180,SILVER,Delhi,2023-08-04,Y
C03181,Amit_3181,PLATINUM,Noida,2023-12-03,Y
C03182,Arjun_3182,GOLD,Hyderabad,2025-08-06,Y
C03183,Arjun_3183,BRONZE,Chennai,2025-07-31,Y
C03184,Amit_3184,BRONZE,Mumbai,2024-01-10,Y
C03185,Karan_3185,SILVER,Mumbai,2025-01-30,Y
C03186,Sneha_3186,PLATINUM,Chennai,2025-06-13,Y
C03187,Arjun_3187,BRONZE,Hyderabad,2023-03-07,Y
C03188,Amit_3188,SILVER,Mumbai,2024-11-12,Y
C03189,Karan_3189,BRONZE,Jaipur,2024-02-22,Y
C03190,Anuj_3190,BRONZE,Delhi,2026-02-01,Y
C03191,Karan_3191,BRONZE,Delhi,2023-08-08,Y
C03192,Vikram_3192,BRONZE,Noida,2023-05-01,Y
C03193,Sneha_3193,PLATINUM,Jaipur,2025-10-31,Y
C03194,Rahul_3194,BRONZE,Noida,2023-07-02,Y
C03195,Karan_3195,SILVER,Bangalore,2023-04-13,Y
C03196,Priya_3196,BRONZE,Hyderabad,2023-02-04,Y
C03197,Rahul_3197,BRONZE,Kolkata,2026-03-18,Y
C03198,Sneha_3198,GOLD,Delhi,2024-04-04,Y
C03199,Neha_3199,BRONZE,Jaipur,2026-01-16,Y
C03200,Anuj_3200,GOLD,Jaipur,2024-07-13,Y
C03201,Rahul_3201,BRONZE,Ahmedabad,2026-02-24,Y
C03202,Arjun_3202,SILVER,Chennai,2026-02-10,Y
C03203,Arjun_3203,SILVER,Delhi,2025-06-08,Y
C03204,Priya_3204,BRONZE,Delhi,2025-01-02,Y
C03205,Vikram_3205,GOLD,Noida,2026-01-08,Y
C03206,Vikram_3206,PLATINUM,Chennai,2023-01-17,Y
C03207,Arjun_3207,SILVER,Bangalore,2026-01-11,Y
C03208,Arjun_3208,SILVER,Jaipur,2024-08-22,Y
C03209,Anuj_3209,SILVER,Ahmedabad,2024-03-10,Y
C03210,Karan_3210,GOLD,Jaipur,2025-12-14,Y
C03211,Amit_3211,SILVER,Hyderabad,2024-01-08,Y
C03212,Karan_3212,BRONZE,Mumbai,2024-05-07,Y
C03213,Priya_3213,SILVER,Hyderabad,2024-01-14,Y
C03214,Karan_3214,BRONZE,Kolkata,2024-01-12,Y
C03215,Amit_3215,BRONZE,Hyderabad,2023-03-06,Y
C03216,Riya_3216,BRONZE,Jaipur,2024-11-04,Y
C03217,Rahul_3217,BRONZE,Chennai,2024-03-08,Y
C03218,Riya_3218,BRONZE,Kolkata,2025-12-07,Y
C03219,Anuj_3219,GOLD,Delhi,2025-02-26,Y
C03220,Karan_3220,GOLD,Noida,2024-05-30,Y
C03221,Sneha_3221,BRONZE,Bangalore,2025-08-08,Y
C03222,Sneha_3222,SILVER,Delhi,2024-01-24,Y
C03223,Neha_3223,GOLD,Ahmedabad,2024-10-22,Y
C03224,Neha_3224,BRONZE,Delhi,2024-12-17,Y
C03225,Priya_3225,SILVER,Ahmedabad,2025-02-27,Y
C03226,Arjun_3226,BRONZE,Pune,2024-07-23,Y
C03227,Karan_3227,GOLD,Mumbai,2024-04-03,Y
C03228,Priya_3228,SILVER,Kolkata,2025-09-10,Y
C03229,Arjun_3229,GOLD,Mumbai,2023-04-15,Y
C03230,Neha_3230,BRONZE,Bangalore,2023-03-29,Y
C03231,Vikram_3231,SILVER,Ahmedabad,2025-10-15,Y
C03232,Riya_3232,GOLD,Delhi,2024-09-22,Y
C03233,Arjun_3233,BRONZE,Mumbai,2024-08-29,Y
C03234,Anuj_3234,SILVER,Pune,2024-01-23,Y
C03235,Priya_3235,SILVER,Mumbai,2024-05-12,Y
C03236,Amit_3236,GOLD,Ahmedabad,2025-05-13,Y
C03237,Rahul_3237,GOLD,Ahmedabad,2024-02-13,Y
C03238,Vikram_3238,SILVER,Kolkata,2023-10-17,Y
C03239,Anuj_3239,BRONZE,Noida,2025-09-08,Y
C03240,Rahul_3240,BRONZE,Chennai,2025-08-18,Y
C03241,Priya_3241,BRONZE,Pune,2024-07-21,Y
C03242,Neha_3242,SILVER,Bangalore,2026-04-12,Y
C03243,Arjun_3243,SILVER,Kolkata,2023-04-20,Y
C03244,Riya_3244,BRONZE,Kolkata,2024-09-25,Y
C03245,Neha_3245,BRONZE,Hyderabad,2024-04-13,Y
C03246,Priya_3246,BRONZE,Chennai,2024-11-07,Y
C03247,Amit_3247,SILVER,Mumbai,2023-08-20,Y
C03248,Rahul_3248,SILVER,Bangalore,2023-04-10,Y
C03249,Amit_3249,BRONZE,Ahmedabad,2024-11-12,Y
C03250,Sneha_3250,PLATINUM,Noida,2025-04-15,Y
C03251,Neha_3251,BRONZE,Bangalore,2024-12-19,Y
C03252,Amit_3252,GOLD,Jaipur,2025-06-19,Y
C03253,Sneha_3253,BRONZE,Noida,2023-03-09,Y
C03254,Karan_3254,SILVER,Chennai,2023-06-10,Y
C03255,Amit_3255,SILVER,Bangalore,2025-09-06,Y
C03256,Sneha_3256,SILVER,Pune,2025-02-05,Y
C03257,Amit_3257,SILVER,Jaipur,2024-04-26,Y
C03258,Riya_3258,BRONZE,Bangalore,2023-04-13,Y
C03259,Vikram_3259,SILVER,Chennai,2023-09-23,Y
C03260,Riya_3260,SILVER,Hyderabad,2025-07-12,Y
C03261,Neha_3261,SILVER,Chennai,2023-03-16,Y
C03262,Anuj_3262,GOLD,Pune,2024-07-29,Y
C03263,Sneha_3263,BRONZE,Kolkata,2023-05-27,Y
C03264,Sneha_3264,GOLD,Hyderabad,2026-01-31,Y
C03265,Arjun_3265,SILVER,Pune,2024-12-11,Y
C03266,Amit_3266,GOLD,Ahmedabad,2024-04-18,Y
C03267,Riya_3267,BRONZE,Pune,2024-05-24,Y
C03268,Neha_3268,BRONZE,Ahmedabad,2025-08-20,Y
C03269,Karan_3269,BRONZE,Jaipur,2025-01-01,Y
C03270,Priya_3270,SILVER,Chennai,2025-06-10,Y
C03271,Arjun_3271,SILVER,Ahmedabad,2023-08-09,Y
C03272,Priya_3272,BRONZE,Hyderabad,2024-02-16,Y
C03273,Rahul_3273,SILVER,Ahmedabad,2023-07-23,Y
C03274,Arjun_3274,SILVER,Bangalore,2025-09-01,Y
C03275,Karan_3275,BRONZE,Jaipur,2023-05-14,Y
C03276,Rahul_3276,SILVER,Chennai,2025-12-05,Y
C03277,Arjun_3277,SILVER,Hyderabad,2023-11-20,Y
C03278,Rahul_3278,GOLD,Jaipur,2025-07-29,Y
C03279,Rahul_3279,GOLD,Kolkata,2025-08-18,Y
C03280,Amit_3280,BRONZE,Mumbai,2025-02-03,Y
C03281,Sneha_3281,GOLD,Chennai,2026-02-19,Y
C03282,Sneha_3282,BRONZE,Ahmedabad,2023-06-02,Y
C03283,Amit_3283,SILVER,Bangalore,2025-03-08,Y
C03284,Karan_3284,BRONZE,Mumbai,2026-03-10,Y
C03285,Priya_3285,BRONZE,Kolkata,2024-03-13,Y
C03286,Sneha_3286,SILVER,Jaipur,2024-05-28,Y
C03287,Amit_3287,SILVER,Bangalore,2024-10-11,Y
C03288,Anuj_3288,BRONZE,Jaipur,2024-08-20,Y
C03289,Arjun_3289,BRONZE,Hyderabad,2025-05-27,Y
C03290,Anuj_3290,BRONZE,Delhi,2024-08-23,Y
C03291,Karan_3291,GOLD,Mumbai,2023-08-03,Y
C03292,Rahul_3292,SILVER,Mumbai,2024-12-23,Y
C03293,Neha_3293,BRONZE,Delhi,2025-04-01,Y
C03294,Karan_3294,SILVER,Delhi,2025-12-03,Y
C03295,Vikram_3295,SILVER,Kolkata,2025-07-01,Y
C03296,Karan_3296,GOLD,Chennai,2025-09-22,Y
C03297,Neha_3297,BRONZE,Bangalore,2025-04-10,Y
C03298,Karan_3298,GOLD,Chennai,2024-02-04,Y
C03299,Riya_3299,SILVER,Mumbai,2026-03-30,Y
C03300,Amit_3300,PLATINUM,Mumbai,2025-08-18,Y
C03301,Vikram_3301,SILVER,Noida,2024-06-29,Y
C03302,Riya_3302,GOLD,Hyderabad,2025-07-16,Y
C03303,Amit_3303,SILVER,Ahmedabad,2023-10-15,Y
C03304,Vikram_3304,GOLD,Pune,2024-02-23,Y
C03305,Priya_3305,GOLD,Delhi,2023-03-17,Y
C03306,Anuj_3306,BRONZE,Mumbai,2023-09-07,Y
C03307,Karan_3307,SILVER,Hyderabad,2023-04-13,Y
C03308,Anuj_3308,BRONZE,Kolkata,2025-06-29,Y
C03309,Anuj_3309,BRONZE,Delhi,2023-06-23,Y
C03310,Riya_3310,BRONZE,Chennai,2025-07-21,Y
C03311,Amit_3311,GOLD,Kolkata,2025-02-09,Y
C03312,Neha_3312,GOLD,Mumbai,2023-07-17,Y
C03313,Rahul_3313,BRONZE,Mumbai,2023-12-20,Y
C03314,Karan_3314,GOLD,Chennai,2023-04-19,Y
C03315,Amit_3315,SILVER,Jaipur,2025-06-21,Y
C03316,Riya_3316,BRONZE,Noida,2024-09-22,Y
C03317,Neha_3317,BRONZE,Bangalore,2024-08-01,Y
C03318,Karan_3318,BRONZE,Pune,2023-03-16,Y
C03319,Sneha_3319,SILVER,Ahmedabad,2024-12-20,Y
C03320,Sneha_3320,GOLD,Kolkata,2023-05-13,Y
C03321,Neha_3321,SILVER,Mumbai,2023-07-15,Y
C03322,Amit_3322,PLATINUM,Jaipur,2025-04-09,Y
C03323,Amit_3323,BRONZE,Chennai,2023-01-14,Y
C03324,Sneha_3324,GOLD,Bangalore,2025-05-30,Y
C03325,Neha_3325,BRONZE,Mumbai,2025-11-11,Y
C03326,Vikram_3326,SILVER,Noida,2024-02-15,Y
C03327,Rahul_3327,BRONZE,Jaipur,2024-08-27,Y
C03328,Amit_3328,SILVER,Ahmedabad,2025-12-02,Y
C03329,Karan_3329,SILVER,Jaipur,2023-04-22,Y
C03330,Riya_3330,SILVER,Chennai,2025-12-27,Y
C03331,Sneha_3331,BRONZE,Kolkata,2023-12-16,Y
C03332,Anuj_3332,GOLD,Ahmedabad,2023-03-28,Y
C03333,Riya_3333,BRONZE,Jaipur,2025-04-18,Y
C03334,Rahul_3334,GOLD,Mumbai,2026-03-15,Y
C03335,Karan_3335,SILVER,Jaipur,2024-09-29,Y
C03336,Anuj_3336,BRONZE,Pune,2023-11-18,Y
C03337,Priya_3337,GOLD,Noida,2024-05-25,Y
C03338,Anuj_3338,BRONZE,Noida,2025-02-07,Y
C03339,Vikram_3339,SILVER,Delhi,2023-03-04,Y
C03340,Karan_3340,BRONZE,Hyderabad,2023-02-16,Y
C03341,Riya_3341,BRONZE,Pune,2024-11-20,Y
C03342,Priya_3342,BRONZE,Bangalore,2025-06-26,Y
C03343,Riya_3343,BRONZE,Ahmedabad,2026-04-08,Y
C03344,Anuj_3344,PLATINUM,Hyderabad,2023-11-08,Y
C03345,Anuj_3345,SILVER,Bangalore,2025-05-25,Y
C03346,Karan_3346,GOLD,Delhi,2023-04-02,Y
C03347,Amit_3347,SILVER,Pune,2025-09-16,Y
C03348,Anuj_3348,SILVER,Pune,2024-05-24,Y
C03349,Rahul_3349,PLATINUM,Noida,2023-08-06,Y
C03350,Riya_3350,SILVER,Pune,2023-02-06,Y
C03351,Neha_3351,GOLD,Chennai,2023-09-26,Y
C03352,Vikram_3352,SILVER,Pune,2024-12-08,Y
C03353,Rahul_3353,BRONZE,Ahmedabad,2023-10-01,Y
C03354,Vikram_3354,BRONZE,Mumbai,2023-10-17,Y
C03355,Vikram_3355,GOLD,Jaipur,2023-04-23,Y
C03356,Vikram_3356,BRONZE,Ahmedabad,2024-09-17,Y
C03357,Anuj_3357,BRONZE,Bangalore,2023-12-25,Y
C03358,Anuj_3358,GOLD,Delhi,2023-01-25,Y
C03359,Riya_3359,SILVER,Hyderabad,2024-08-10,Y
C03360,Sneha_3360,BRONZE,Delhi,2023-04-06,Y
C03361,Rahul_3361,GOLD,Hyderabad,2023-04-16,Y
C03362,Neha_3362,SILVER,Pune,2025-12-20,Y
C03363,Sneha_3363,BRONZE,Bangalore,2024-11-01,Y
C03364,Karan_3364,GOLD,Jaipur,2025-06-08,Y
C03365,Karan_3365,SILVER,Hyderabad,2025-03-29,Y
C03366,Riya_3366,BRONZE,Chennai,2023-03-06,Y
C03367,Amit_3367,BRONZE,Mumbai,2023-10-02,Y
C03368,Rahul_3368,BRONZE,Bangalore,2023-04-14,Y
C03369,Anuj_3369,BRONZE,Chennai,2024-10-24,Y
C03370,Neha_3370,GOLD,Bangalore,2024-09-22,Y
C03371,Anuj_3371,BRONZE,Chennai,2023-01-25,Y
C03372,Anuj_3372,SILVER,Ahmedabad,2025-08-18,Y
C03373,Rahul_3373,SILVER,Kolkata,2025-12-21,Y
C03374,Riya_3374,GOLD,Hyderabad,2023-09-05,Y
C03375,Karan_3375,BRONZE,Ahmedabad,2023-04-06,Y
C03376,Sneha_3376,GOLD,Hyderabad,2024-02-06,N
C03377,Sneha_3377,BRONZE,Delhi,2024-07-18,Y
C03378,Vikram_3378,BRONZE,Delhi,2023-09-05,Y
C03379,Vikram_3379,GOLD,Kolkata,2025-12-23,Y
C03380,Karan_3380,GOLD,Delhi,2023-09-11,Y
C03381,Priya_3381,BRONZE,Bangalore,2025-06-15,Y
C03382,Sneha_3382,BRONZE,Hyderabad,2026-03-23,Y
C03383,Arjun_3383,PLATINUM,Ahmedabad,2024-05-06,Y
C03384,Sneha_3384,BRONZE,Ahmedabad,2025-07-03,Y
C03385,Amit_3385,BRONZE,Chennai,2024-07-11,Y
C03386,Rahul_3386,BRONZE,Pune,2023-11-09,Y
C03387,Priya_3387,SILVER,Jaipur,2025-12-03,Y
C03388,Rahul_3388,SILVER,Mumbai,2023-02-03,Y
C03389,Arjun_3389,SILVER,Chennai,2024-05-25,Y
C03390,Riya_3390,GOLD,Kolkata,2025-07-31,Y
C03391,Riya_3391,SILVER,Hyderabad,2023-01-29,Y
C03392,Vikram_3392,BRONZE,Ahmedabad,2025-01-23,Y
C03393,Priya_3393,GOLD,Pune,2026-02-13,Y
C03394,Sneha_3394,SILVER,Delhi,2025-04-07,Y
C03395,Karan_3395,SILVER,Bangalore,2025-11-08,Y
C03396,Vikram_3396,BRONZE,Ahmedabad,2024-04-15,Y
C03397,Arjun_3397,GOLD,Hyderabad,2024-11-27,Y
C03398,Karan_3398,SILVER,Delhi,2024-07-07,Y
C03399,Neha_3399,SILVER,Delhi,2023-09-30,Y
C03400,Rahul_3400,BRONZE,Hyderabad,2025-07-19,Y
C03401,Anuj_3401,SILVER,Bangalore,2025-10-01,Y
C03402,Sneha_3402,BRONZE,Jaipur,2025-06-26,Y
C03403,Neha_3403,BRONZE,Bangalore,2025-08-01,Y
C03404,Priya_3404,SILVER,Hyderabad,2025-11-29,Y
C03405,Sneha_3405,SILVER,Chennai,2026-03-14,Y
C03406,Riya_3406,BRONZE,Delhi,2023-04-25,Y
C03407,Arjun_3407,BRONZE,Ahmedabad,2025-12-21,Y
C03408,Riya_3408,GOLD,Kolkata,2025-03-06,Y
C03409,Priya_3409,SILVER,Chennai,2024-08-05,Y
C03410,Sneha_3410,BRONZE,Chennai,2023-05-14,Y
C03411,Anuj_3411,BRONZE,Pune,2024-05-17,Y
C03412,Sneha_3412,BRONZE,Ahmedabad,2024-03-28,Y
C03413,Karan_3413,SILVER,Delhi,2025-08-13,Y
C03414,Karan_3414,SILVER,Jaipur,2023-02-20,Y
C03415,Riya_3415,SILVER,Pune,2024-11-17,Y
C03416,Neha_3416,BRONZE,Bangalore,2023-09-18,Y
C03417,Vikram_3417,SILVER,Noida,2025-02-13,Y
C03418,Vikram_3418,BRONZE,Bangalore,2023-06-02,Y
C03419,Anuj_3419,GOLD,Noida,2025-07-30,Y
C03420,Karan_3420,GOLD,Pune,2025-07-09,Y
C03421,Anuj_3421,SILVER,Ahmedabad,2025-07-17,Y
C03422,Vikram_3422,SILVER,Noida,2023-07-31,Y
C03423,Rahul_3423,BRONZE,Delhi,2025-07-29,Y
C03424,Priya_3424,GOLD,Jaipur,2023-07-17,Y
C03425,Priya_3425,GOLD,Kolkata,2025-10-01,Y
C03426,Karan_3426,GOLD,Delhi,2025-02-10,Y
C03427,Vikram_3427,PLATINUM,Hyderabad,2024-11-19,Y
C03428,Anuj_3428,BRONZE,Bangalore,2024-10-30,Y
C03429,Sneha_3429,PLATINUM,Mumbai,2023-08-06,Y
C03430,Karan_3430,SILVER,Kolkata,2023-01-21,Y
C03431,Amit_3431,BRONZE,Chennai,2024-08-16,Y
C03432,Sneha_3432,BRONZE,Jaipur,2025-06-10,Y
C03433,Sneha_3433,BRONZE,Delhi,2024-02-10,Y
C03434,Karan_3434,BRONZE,Mumbai,2024-01-04,Y
C03435,Priya_3435,BRONZE,Ahmedabad,2025-08-03,Y
C03436,Arjun_3436,PLATINUM,Delhi,2023-04-02,Y
C03437,Priya_3437,BRONZE,Delhi,2025-04-23,Y
C03438,Amit_3438,PLATINUM,Bangalore,2023-01-12,Y
C03439,Sneha_3439,SILVER,Chennai,2025-03-22,Y
C03440,Karan_3440,SILVER,Chennai,2023-02-10,Y
C03441,Neha_3441,SILVER,Delhi,2024-11-09,Y
C03442,Priya_3442,SILVER,Pune,2023-02-07,Y
C03443,Arjun_3443,GOLD,Noida,2023-11-06,Y
C03444,Arjun_3444,BRONZE,Delhi,2024-11-13,Y
C03445,Sneha_3445,SILVER,Bangalore,2025-08-20,Y
C03446,Vikram_3446,BRONZE,Mumbai,2023-08-14,Y
C03447,Priya_3447,SILVER,Hyderabad,2024-12-27,Y
C03448,Vikram_3448,SILVER,Kolkata,2023-04-18,Y
C03449,Anuj_3449,BRONZE,Kolkata,2025-11-27,Y
C03450,Sneha_3450,BRONZE,Delhi,2023-05-08,Y
C03451,Riya_3451,BRONZE,Kolkata,2023-08-10,Y
C03452,Priya_3452,BRONZE,Noida,2023-10-10,Y
C03453,Karan_3453,SILVER,Kolkata,2025-12-27,Y
C03454,Priya_3454,GOLD,Hyderabad,2024-01-18,Y
C03455,Rahul_3455,SILVER,Bangalore,2023-05-30,Y
C03456,Anuj_3456,SILVER,Bangalore,2024-07-18,Y
C03457,Priya_3457,SILVER,Ahmedabad,2023-12-14,Y
C03458,Amit_3458,BRONZE,Pune,2023-01-27,Y
C03459,Sneha_3459,BRONZE,Bangalore,2026-02-04,Y
C03460,Rahul_3460,GOLD,Kolkata,2024-10-28,Y
C03461,Riya_3461,SILVER,Bangalore,2023-11-23,Y
C03462,Rahul_3462,BRONZE,Delhi,2024-11-14,Y
C03463,Priya_3463,BRONZE,Pune,2025-03-17,Y
C03464,Karan_3464,GOLD,Delhi,2023-08-23,Y
C03465,Rahul_3465,GOLD,Mumbai,2024-08-19,Y
C03466,Sneha_3466,SILVER,Bangalore,2024-01-23,Y
C03467,Anuj_3467,BRONZE,Jaipur,2024-06-17,Y
C03468,Riya_3468,SILVER,Hyderabad,2025-05-22,Y
C03469,Arjun_3469,GOLD,Pune,2024-07-05,Y
C03470,Vikram_3470,SILVER,Hyderabad,2024-03-29,Y
C03471,Arjun_3471,BRONZE,Ahmedabad,2025-01-29,Y
C03472,Anuj_3472,BRONZE,Chennai,2023-06-26,Y
C03473,Riya_3473,GOLD,Pune,2024-11-20,Y
C03474,Anuj_3474,GOLD,Pune,2023-11-29,Y
C03475,Neha_3475,SILVER,Chennai,2023-06-22,Y
C03476,Sneha_3476,SILVER,Kolkata,2023-02-14,Y
C03477,Vikram_3477,GOLD,Ahmedabad,2024-05-06,Y
C03478,Rahul_3478,BRONZE,Mumbai,2025-11-07,Y
C03479,Amit_3479,BRONZE,Hyderabad,2026-01-23,Y
C03480,Neha_3480,SILVER,Jaipur,2024-05-15,Y
C03481,Vikram_3481,BRONZE,Kolkata,2024-05-08,Y
C03482,Anuj_3482,SILVER,Chennai,2025-01-24,Y
C03483,Arjun_3483,PLATINUM,Bangalore,2025-05-16,Y
C03484,Riya_3484,BRONZE,Delhi,2023-08-14,Y
C03485,Arjun_3485,SILVER,Mumbai,2026-03-25,Y
C03486,Riya_3486,BRONZE,Hyderabad,2023-12-23,Y
C03487,Priya_3487,BRONZE,Hyderabad,2023-06-25,Y
C03488,Anuj_3488,SILVER,Chennai,2023-05-07,Y
C03489,Arjun_3489,BRONZE,Noida,2024-07-06,Y
C03490,Rahul_3490,GOLD,Hyderabad,2025-02-17,Y
C03491,Amit_3491,GOLD,Ahmedabad,2025-08-16,Y
C03492,Rahul_3492,GOLD,Chennai,2023-06-27,Y
C03493,Anuj_3493,BRONZE,Ahmedabad,2023-06-21,Y
C03494,Rahul_3494,SILVER,Chennai,2025-11-10,Y
C03495,Karan_3495,SILVER,Bangalore,2024-03-16,Y
C03496,Neha_3496,BRONZE,Hyderabad,2026-02-19,Y
C03497,Vikram_3497,BRONZE,Jaipur,2024-10-30,Y
C03498,Arjun_3498,BRONZE,Mumbai,2023-05-10,Y
C03499,Rahul_3499,BRONZE,Hyderabad,2025-06-30,Y
C03500,Riya_3500,GOLD,Bangalore,2023-10-28,Y
C03501,Anuj_3501,BRONZE,Noida,2025-06-16,Y
C03502,Sneha_3502,BRONZE,Mumbai,2025-03-20,Y
C03503,Riya_3503,SILVER,Jaipur,2024-01-20,Y
C03504,Priya_3504,SILVER,Delhi,2024-11-25,Y
C03505,Priya_3505,GOLD,Ahmedabad,2023-07-18,Y
C03506,Rahul_3506,SILVER,Kolkata,2023-11-30,Y
C03507,Riya_3507,GOLD,Noida,2024-01-29,Y
C03508,Sneha_3508,BRONZE,Jaipur,2025-03-08,Y
C03509,Karan_3509,SILVER,Kolkata,2023-02-19,Y
C03510,Rahul_3510,BRONZE,Hyderabad,2024-02-29,Y
C03511,Rahul_3511,SILVER,Pune,2024-07-10,Y
C03512,Rahul_3512,BRONZE,Bangalore,2023-10-28,Y
C03513,Vikram_3513,PLATINUM,Hyderabad,2024-10-06,Y
C03514,Arjun_3514,SILVER,Noida,2023-10-15,Y
C03515,Priya_3515,SILVER,Bangalore,2024-01-22,Y
C03516,Vikram_3516,GOLD,Noida,2026-04-06,Y
C03517,Sneha_3517,SILVER,Hyderabad,2026-03-27,Y
C03518,Amit_3518,GOLD,Delhi,2024-07-22,Y
C03519,Rahul_3519,GOLD,Hyderabad,2026-03-14,Y
C03520,Priya_3520,BRONZE,Hyderabad,2024-01-05,Y
C03521,Karan_3521,PLATINUM,Ahmedabad,2024-06-02,Y
C03522,Vikram_3522,GOLD,Ahmedabad,2024-02-09,Y
C03523,Amit_3523,SILVER,Chennai,2025-10-26,Y
C03524,Riya_3524,SILVER,Pune,2023-09-25,Y
C03525,Riya_3525,BRONZE,Hyderabad,2025-03-31,Y
C03526,Priya_3526,GOLD,Delhi,2023-12-11,Y
C03527,Sneha_3527,BRONZE,Jaipur,2023-10-12,Y
C03528,Sneha_3528,SILVER,Noida,2023-03-28,Y
C03529,Arjun_3529,BRONZE,Mumbai,2023-10-28,Y
C03530,Priya_3530,GOLD,Ahmedabad,2023-08-12,Y
C03531,Anuj_3531,SILVER,Jaipur,2023-11-16,Y
C03532,Riya_3532,BRONZE,Mumbai,2023-12-27,Y
C03533,Priya_3533,BRONZE,Chennai,2023-01-06,Y
C03534,Riya_3534,GOLD,Ahmedabad,2025-06-17,Y
C03535,Karan_3535,SILVER,Delhi,2025-04-25,Y
C03536,Vikram_3536,PLATINUM,Kolkata,2025-10-24,Y
C03537,Amit_3537,GOLD,Bangalore,2024-08-20,Y
C03538,Arjun_3538,BRONZE,Chennai,2025-04-01,Y
C03539,Anuj_3539,SILVER,Jaipur,2025-01-21,Y
C03540,Rahul_3540,BRONZE,Chennai,2024-03-03,Y
C03541,Karan_3541,GOLD,Hyderabad,2023-01-31,Y
C03542,Vikram_3542,BRONZE,Hyderabad,2025-07-16,Y
C03543,Arjun_3543,PLATINUM,Jaipur,2023-07-04,Y
C03544,Rahul_3544,SILVER,Noida,2023-08-29,Y
C03545,Amit_3545,BRONZE,Jaipur,2023-06-30,Y
C03546,Vikram_3546,BRONZE,Pune,2023-02-22,Y
C03547,Priya_3547,SILVER,Hyderabad,2023-05-16,Y
C03548,Amit_3548,SILVER,Chennai,2024-03-30,Y
C03549,Vikram_3549,BRONZE,Delhi,2024-09-30,Y
C03550,Sneha_3550,BRONZE,Noida,2024-11-16,Y
C03551,Arjun_3551,BRONZE,Bangalore,2025-01-25,Y
C03552,Arjun_3552,SILVER,Delhi,2023-07-22,Y
C03553,Vikram_3553,BRONZE,Delhi,2023-09-29,Y
C03554,Vikram_3554,BRONZE,Jaipur,2025-10-21,Y
C03555,Priya_3555,SILVER,Ahmedabad,2024-02-13,Y
C03556,Rahul_3556,BRONZE,Pune,2026-03-25,Y
C03557,Amit_3557,SILVER,Noida,2025-11-06,Y
C03558,Vikram_3558,BRONZE,Ahmedabad,2023-03-21,Y
C03559,Anuj_3559,BRONZE,Delhi,2024-12-30,Y
C03560,Arjun_3560,BRONZE,Bangalore,2024-12-14,Y
C03561,Sneha_3561,BRONZE,Pune,2024-12-27,Y
C03562,Arjun_3562,GOLD,Pune,2024-09-20,Y
C03563,Anuj_3563,SILVER,Pune,2025-05-18,Y
C03564,Sneha_3564,BRONZE,Noida,2024-04-13,Y
C03565,Arjun_3565,SILVER,Bangalore,2023-03-18,Y
C03566,Arjun_3566,BRONZE,Ahmedabad,2024-10-09,Y
C03567,Priya_3567,BRONZE,Bangalore,2024-06-14,Y
C03568,Riya_3568,SILVER,Hyderabad,2023-10-30,Y
C03569,Priya_3569,GOLD,Noida,2025-12-27,Y
C03570,Arjun_3570,GOLD,Ahmedabad,2025-04-25,Y
C03571,Sneha_3571,GOLD,Jaipur,2025-10-22,Y
C03572,Priya_3572,SILVER,Hyderabad,2023-01-13,Y
C03573,Vikram_3573,SILVER,Hyderabad,2023-05-12,Y
C03574,Vikram_3574,GOLD,Kolkata,2024-01-04,Y
C03575,Vikram_3575,SILVER,Pune,2025-03-21,Y
C03576,Sneha_3576,BRONZE,Chennai,2024-10-10,Y
C03577,Neha_3577,BRONZE,Ahmedabad,2023-01-01,Y
C03578,Arjun_3578,PLATINUM,Ahmedabad,2023-10-05,Y
C03579,Arjun_3579,SILVER,Delhi,2026-03-19,Y
C03580,Neha_3580,BRONZE,Noida,2025-03-26,Y
C03581,Vikram_3581,GOLD,Hyderabad,2025-12-08,Y
C03582,Neha_3582,GOLD,Chennai,2023-03-25,Y
C03583,Riya_3583,BRONZE,Bangalore,2023-04-12,Y
C03584,Arjun_3584,SILVER,Jaipur,2024-12-11,Y
C03585,Sneha_3585,BRONZE,Kolkata,2026-02-26,Y
C03586,Riya_3586,SILVER,Hyderabad,2023-01-13,Y
C03587,Rahul_3587,SILVER,Noida,2025-09-07,N
C03588,Rahul_3588,GOLD,Jaipur,2026-01-01,Y
C03589,Neha_3589,GOLD,Ahmedabad,2024-04-03,Y
C03590,Vikram_3590,GOLD,Jaipur,2025-01-10,Y
C03591,Amit_3591,BRONZE,Delhi,2026-01-18,Y
C03592,Arjun_3592,SILVER,Hyderabad,2024-08-05,Y
C03593,Arjun_3593,SILVER,Delhi,2023-09-16,Y
C03594,Karan_3594,BRONZE,Bangalore,2023-05-09,Y
C03595,Amit_3595,PLATINUM,Pune,2024-09-03,Y
C03596,Neha_3596,SILVER,Pune,2025-10-31,Y
C03597,Rahul_3597,BRONZE,Bangalore,2025-07-30,Y
C03598,Rahul_3598,SILVER,Ahmedabad,2025-12-07,Y
C03599,Riya_3599,BRONZE,Jaipur,2025-10-16,Y
C03600,Sneha_3600,SILVER,Noida,2023-11-18,Y
C03601,Neha_3601,SILVER,Delhi,2024-01-26,Y
C03602,Vikram_3602,SILVER,Mumbai,2026-02-24,Y
C03603,Amit_3603,BRONZE,Ahmedabad,2023-04-24,Y
C03604,Anuj_3604,SILVER,Bangalore,2025-06-10,Y
C03605,Vikram_3605,BRONZE,Pune,2025-01-10,Y
C03606,Sneha_3606,BRONZE,Bangalore,2024-01-02,Y
C03607,Neha_3607,PLATINUM,Delhi,2024-08-11,Y
C03608,Sneha_3608,GOLD,Jaipur,2023-09-13,Y
C03609,Vikram_3609,BRONZE,Ahmedabad,2024-10-14,Y
C03610,Riya_3610,BRONZE,Pune,2025-02-27,Y
C03611,Karan_3611,SILVER,Kolkata,2026-03-13,Y
C03612,Anuj_3612,SILVER,Pune,2023-01-12,Y
C03613,Rahul_3613,SILVER,Mumbai,2026-02-24,Y
C03614,Amit_3614,GOLD,Jaipur,2023-01-21,Y
C03615,Karan_3615,BRONZE,Chennai,2025-02-07,Y
C03616,Rahul_3616,GOLD,Bangalore,2023-11-17,Y
C03617,Arjun_3617,SILVER,Jaipur,2025-03-06,Y
C03618,Neha_3618,BRONZE,Ahmedabad,2026-04-14,Y
C03619,Amit_3619,BRONZE,Chennai,2023-08-04,Y
C03620,Sneha_3620,GOLD,Hyderabad,2024-06-27,Y
C03621,Priya_3621,BRONZE,Kolkata,2023-05-14,Y
C03622,Neha_3622,SILVER,Delhi,2025-04-06,Y
C03623,Vikram_3623,GOLD,Noida,2023-02-26,Y
C03624,Rahul_3624,SILVER,Noida,2023-01-29,Y
C03625,Karan_3625,SILVER,Mumbai,2025-10-31,Y
C03626,Anuj_3626,GOLD,Pune,2023-10-28,Y
C03627,Karan_3627,GOLD,Jaipur,2024-02-24,Y
C03628,Riya_3628,SILVER,Pune,2024-06-03,Y
C03629,Arjun_3629,SILVER,Hyderabad,2025-10-03,Y
C03630,Arjun_3630,BRONZE,Noida,2025-08-20,Y
C03631,Arjun_3631,GOLD,Mumbai,2025-06-25,Y
C03632,Anuj_3632,SILVER,Hyderabad,2023-08-01,Y
C03633,Riya_3633,BRONZE,Hyderabad,2023-01-15,Y
C03634,Neha_3634,BRONZE,Kolkata,2023-06-22,Y
C03635,Karan_3635,PLATINUM,Noida,2024-10-26,Y
C03636,Arjun_3636,SILVER,Pune,2024-03-27,Y
C03637,Priya_3637,BRONZE,Kolkata,2025-06-16,Y
C03638,Sneha_3638,BRONZE,Noida,2026-01-10,Y
C03639,Karan_3639,SILVER,Delhi,2023-01-05,Y
C03640,Priya_3640,BRONZE,Jaipur,2025-04-04,Y
C03641,Priya_3641,BRONZE,Noida,2023-01-22,Y
C03642,Karan_3642,SILVER,Delhi,2023-12-10,Y
C03643,Anuj_3643,BRONZE,Hyderabad,2023-12-09,Y
C03644,Riya_3644,PLATINUM,Kolkata,2024-05-15,Y
C03645,Vikram_3645,SILVER,Pune,2024-08-12,Y
C03646,Arjun_3646,BRONZE,Bangalore,2024-11-08,Y
C03647,Anuj_3647,BRONZE,Pune,2023-04-24,Y
C03648,Arjun_3648,BRONZE,Ahmedabad,2024-12-27,Y
C03649,Rahul_3649,BRONZE,Ahmedabad,2023-11-04,Y
C03650,Arjun_3650,SILVER,Pune,2025-06-24,Y
C03651,Karan_3651,BRONZE,Hyderabad,2023-01-29,Y
C03652,Arjun_3652,BRONZE,Jaipur,2025-08-22,Y
C03653,Anuj_3653,BRONZE,Mumbai,2025-07-25,Y
C03654,Riya_3654,BRONZE,Ahmedabad,2023-11-24,Y
C03655,Sneha_3655,BRONZE,Noida,2024-01-04,Y
C03656,Karan_3656,BRONZE,Bangalore,2023-08-14,Y
C03657,Neha_3657,GOLD,Jaipur,2025-09-20,Y
C03658,Neha_3658,GOLD,Kolkata,2025-08-16,Y
C03659,Sneha_3659,SILVER,Mumbai,2023-06-10,Y
C03660,Vikram_3660,SILVER,Chennai,2023-11-03,Y
C03661,Riya_3661,BRONZE,Noida,2023-08-01,Y
C03662,Karan_3662,BRONZE,Kolkata,2024-02-12,Y
C03663,Riya_3663,BRONZE,Chennai,2025-04-09,Y
C03664,Priya_3664,BRONZE,Jaipur,2023-12-09,Y
C03665,Vikram_3665,BRONZE,Hyderabad,2024-02-11,Y
C03666,Amit_3666,GOLD,Noida,2024-06-15,Y
C03667,Neha_3667,GOLD,Noida,2024-07-26,Y
C03668,Rahul_3668,BRONZE,Mumbai,2025-01-11,Y
C03669,Amit_3669,BRONZE,Pune,2025-07-30,Y
C03670,Rahul_3670,BRONZE,Delhi,2025-09-15,Y
C03671,Neha_3671,PLATINUM,Pune,2024-02-21,Y
C03672,Rahul_3672,GOLD,Mumbai,2025-09-03,Y
C03673,Amit_3673,SILVER,Hyderabad,2023-03-26,Y
C03674,Amit_3674,BRONZE,Noida,2026-03-27,Y
C03675,Riya_3675,BRONZE,Jaipur,2025-12-22,Y
C03676,Karan_3676,BRONZE,Ahmedabad,2024-03-03,Y
C03677,Vikram_3677,SILVER,Bangalore,2025-06-11,Y
C03678,Karan_3678,GOLD,Ahmedabad,2025-12-30,Y
C03679,Vikram_3679,SILVER,Bangalore,2024-09-08,Y
C03680,Riya_3680,GOLD,Bangalore,2024-09-18,Y
C03681,Amit_3681,BRONZE,Kolkata,2025-03-25,Y
C03682,Arjun_3682,BRONZE,Pune,2025-05-24,Y
C03683,Arjun_3683,BRONZE,Pune,2023-09-08,Y
C03684,Priya_3684,SILVER,Hyderabad,2023-10-18,Y
C03685,Sneha_3685,GOLD,Mumbai,2024-05-24,Y
C03686,Priya_3686,BRONZE,Ahmedabad,2025-02-04,Y
C03687,Anuj_3687,SILVER,Hyderabad,2023-11-08,Y
C03688,Arjun_3688,BRONZE,Ahmedabad,2025-12-13,Y
C03689,Riya_3689,SILVER,Ahmedabad,2024-11-30,Y
C03690,Sneha_3690,SILVER,Delhi,2024-02-14,Y
C03691,Anuj_3691,SILVER,Hyderabad,2023-04-04,Y
C03692,Karan_3692,BRONZE,Ahmedabad,2024-08-26,Y
C03693,Anuj_3693,BRONZE,Ahmedabad,2025-10-19,Y
C03694,Sneha_3694,GOLD,Mumbai,2025-12-10,Y
C03695,Rahul_3695,BRONZE,Delhi,2024-08-19,Y
C03696,Vikram_3696,BRONZE,Mumbai,2026-03-06,Y
C03697,Riya_3697,BRONZE,Chennai,2023-10-09,Y
C03698,Sneha_3698,GOLD,Bangalore,2024-01-24,Y
C03699,Karan_3699,SILVER,Bangalore,2024-02-17,Y
C03700,Priya_3700,BRONZE,Ahmedabad,2025-11-24,Y
C03701,Sneha_3701,GOLD,Pune,2023-12-20,Y
C03702,Arjun_3702,GOLD,Chennai,2025-01-13,Y
C03703,Riya_3703,SILVER,Delhi,2023-01-01,Y
C03704,Arjun_3704,BRONZE,Mumbai,2026-02-03,Y
C03705,Arjun_3705,SILVER,Delhi,2025-02-18,Y
C03706,Karan_3706,BRONZE,Delhi,2024-12-26,Y
C03707,Priya_3707,SILVER,Mumbai,2025-01-28,Y
C03708,Rahul_3708,GOLD,Ahmedabad,2023-11-11,Y
C03709,Anuj_3709,GOLD,Mumbai,2024-01-02,Y
C03710,Rahul_3710,BRONZE,Bangalore,2025-10-10,Y
C03711,Neha_3711,SILVER,Pune,2025-09-05,Y
C03712,Neha_3712,PLATINUM,Mumbai,2024-04-08,Y
C03713,Neha_3713,BRONZE,Jaipur,2024-09-01,Y
C03714,Arjun_3714,GOLD,Delhi,2025-11-23,Y
C03715,Karan_3715,GOLD,Ahmedabad,2024-07-05,Y
C03716,Riya_3716,BRONZE,Kolkata,2023-11-16,Y
C03717,Arjun_3717,GOLD,Noida,2025-03-10,Y
C03718,Vikram_3718,SILVER,Noida,2024-07-06,Y
C03719,Karan_3719,BRONZE,Ahmedabad,2025-04-05,Y
C03720,Riya_3720,BRONZE,Noida,2023-02-19,Y
C03721,Amit_3721,SILVER,Bangalore,2023-11-05,Y
C03722,Arjun_3722,SILVER,Ahmedabad,2025-09-21,Y
C03723,Priya_3723,GOLD,Jaipur,2025-06-20,Y
C03724,Amit_3724,GOLD,Ahmedabad,2023-12-01,Y
C03725,Neha_3725,SILVER,Jaipur,2024-09-05,Y
C03726,Anuj_3726,SILVER,Ahmedabad,2023-10-17,Y
C03727,Riya_3727,SILVER,Ahmedabad,2025-01-28,Y
C03728,Anuj_3728,GOLD,Ahmedabad,2024-06-04,Y
C03729,Vikram_3729,GOLD,Ahmedabad,2024-09-17,Y
C03730,Arjun_3730,GOLD,Jaipur,2024-11-13,Y
C03731,Sneha_3731,BRONZE,Ahmedabad,2023-11-03,Y
C03732,Anuj_3732,BRONZE,Kolkata,2023-12-20,Y
C03733,Vikram_3733,BRONZE,Delhi,2024-06-04,Y
C03734,Neha_3734,GOLD,Delhi,2025-01-16,Y
C03735,Vikram_3735,BRONZE,Kolkata,2026-02-12,Y
C03736,Riya_3736,BRONZE,Delhi,2023-09-07,Y
C03737,Rahul_3737,SILVER,Delhi,2024-01-01,Y
C03738,Amit_3738,BRONZE,Chennai,2023-06-10,Y
C03739,Vikram_3739,PLATINUM,Kolkata,2025-05-15,Y
C03740,Riya_3740,BRONZE,Noida,2025-09-14,Y
C03741,Arjun_3741,BRONZE,Chennai,2024-12-16,Y
C03742,Vikram_3742,BRONZE,Mumbai,2024-04-09,Y
C03743,Anuj_3743,BRONZE,Jaipur,2024-10-11,Y
C03744,Anuj_3744,BRONZE,Hyderabad,2023-10-23,Y
C03745,Priya_3745,BRONZE,Pune,2024-11-12,Y
C03746,Anuj_3746,SILVER,Kolkata,2025-02-14,Y
C03747,Rahul_3747,SILVER,Jaipur,2023-04-03,Y
C03748,Amit_3748,SILVER,Jaipur,2026-04-02,Y
C03749,Karan_3749,BRONZE,Jaipur,2023-06-26,Y
C03750,Arjun_3750,BRONZE,Noida,2026-03-30,Y
C03751,Anuj_3751,GOLD,Mumbai,2025-09-02,Y
C03752,Anuj_3752,BRONZE,Chennai,2025-08-09,Y
C03753,Neha_3753,SILVER,Mumbai,2023-10-21,Y
C03754,Riya_3754,PLATINUM,Pune,2023-02-16,Y
C03755,Neha_3755,SILVER,Mumbai,2023-07-08,Y
C03756,Neha_3756,BRONZE,Bangalore,2026-02-24,Y
C03757,Neha_3757,BRONZE,Ahmedabad,2024-11-19,Y
C03758,Sneha_3758,SILVER,Bangalore,2025-02-18,Y
C03759,Sneha_3759,SILVER,Delhi,2025-09-15,Y
C03760,Neha_3760,BRONZE,Ahmedabad,2026-02-22,Y
C03761,Arjun_3761,BRONZE,Ahmedabad,2025-02-18,Y
C03762,Arjun_3762,BRONZE,Mumbai,2025-08-10,Y
C03763,Arjun_3763,BRONZE,Noida,2023-09-05,Y
C03764,Anuj_3764,BRONZE,Hyderabad,2023-08-25,Y
C03765,Anuj_3765,SILVER,Pune,2025-06-26,Y
C03766,Vikram_3766,BRONZE,Bangalore,2025-05-25,Y
C03767,Neha_3767,BRONZE,Jaipur,2024-07-16,Y
C03768,Arjun_3768,PLATINUM,Mumbai,2024-08-09,Y
C03769,Sneha_3769,BRONZE,Pune,2024-06-24,Y
C03770,Priya_3770,SILVER,Kolkata,2024-03-08,Y
C03771,Karan_3771,BRONZE,Delhi,2025-03-30,Y
C03772,Neha_3772,BRONZE,Bangalore,2023-02-28,Y
C03773,Anuj_3773,GOLD,Ahmedabad,2023-08-05,Y
C03774,Anuj_3774,SILVER,Jaipur,2025-06-23,Y
C03775,Amit_3775,BRONZE,Ahmedabad,2024-03-26,Y
C03776,Karan_3776,BRONZE,Noida,2024-07-28,Y
C03777,Amit_3777,BRONZE,Delhi,2023-12-28,Y
C03778,Karan_3778,GOLD,Jaipur,2023-03-27,Y
C03779,Vikram_3779,SILVER,Ahmedabad,2024-01-07,Y
C03780,Karan_3780,BRONZE,Chennai,2025-08-18,Y
C03781,Amit_3781,SILVER,Chennai,2023-12-31,Y
C03782,Amit_3782,GOLD,Delhi,2025-02-22,Y
C03783,Anuj_3783,BRONZE,Delhi,2025-07-07,Y
C03784,Riya_3784,SILVER,Jaipur,2024-04-11,Y
C03785,Amit_3785,SILVER,Bangalore,2025-10-03,Y
C03786,Priya_3786,BRONZE,Pune,2025-04-06,Y
C03787,Priya_3787,GOLD,Pune,2025-05-16,Y
C03788,Arjun_3788,BRONZE,Hyderabad,2025-10-07,Y
C03789,Priya_3789,BRONZE,Noida,2026-02-10,Y
C03790,Amit_3790,SILVER,Ahmedabad,2023-05-12,Y
C03791,Anuj_3791,BRONZE,Ahmedabad,2024-07-11,Y
C03792,Arjun_3792,PLATINUM,Hyderabad,2023-07-09,Y
C03793,Anuj_3793,BRONZE,Ahmedabad,2024-01-13,Y
C03794,Karan_3794,BRONZE,Chennai,2023-02-04,Y
C03795,Priya_3795,SILVER,Ahmedabad,2025-03-07,Y
C03796,Amit_3796,PLATINUM,Mumbai,2023-04-22,Y
C03797,Sneha_3797,BRONZE,Pune,2023-04-20,Y
C03798,Karan_3798,GOLD,Noida,2025-06-15,N
C03799,Sneha_3799,GOLD,Noida,2023-03-24,Y
C03800,Rahul_3800,BRONZE,Bangalore,2026-02-10,Y
C03801,Anuj_3801,SILVER,Hyderabad,2024-11-09,Y
C03802,Amit_3802,SILVER,Jaipur,2024-01-20,Y
C03803,Neha_3803,SILVER,Pune,2023-04-01,Y
C03804,Vikram_3804,SILVER,Jaipur,2024-11-09,Y
C03805,Sneha_3805,GOLD,Hyderabad,2024-01-20,Y
C03806,Rahul_3806,BRONZE,Noida,2024-07-18,Y
C03807,Arjun_3807,BRONZE,Jaipur,2023-04-07,Y
C03808,Arjun_3808,SILVER,Ahmedabad,2024-05-05,Y
C03809,Riya_3809,BRONZE,Bangalore,2025-03-31,Y
C03810,Riya_3810,PLATINUM,Kolkata,2025-04-30,Y
C03811,Arjun_3811,SILVER,Pune,2023-11-06,Y
C03812,Neha_3812,BRONZE,Mumbai,2023-05-02,Y
C03813,Amit_3813,PLATINUM,Noida,2025-09-23,Y
C03814,Priya_3814,PLATINUM,Ahmedabad,2024-11-29,Y
C03815,Arjun_3815,BRONZE,Hyderabad,2024-06-26,Y
C03816,Amit_3816,SILVER,Chennai,2025-11-23,Y
C03817,Riya_3817,SILVER,Jaipur,2023-04-14,Y
C03818,Neha_3818,SILVER,Hyderabad,2024-08-14,Y
C03819,Rahul_3819,BRONZE,Ahmedabad,2023-12-21,Y
C03820,Anuj_3820,BRONZE,Hyderabad,2024-04-06,Y
C03821,Karan_3821,SILVER,Kolkata,2024-10-03,Y
C03822,Arjun_3822,BRONZE,Pune,2025-05-17,Y
C03823,Neha_3823,GOLD,Mumbai,2023-09-23,Y
C03824,Rahul_3824,BRONZE,Bangalore,2026-04-09,Y
C03825,Sneha_3825,SILVER,Jaipur,2025-01-27,Y
C03826,Karan_3826,SILVER,Kolkata,2024-12-24,Y
C03827,Neha_3827,GOLD,Kolkata,2023-08-06,Y
C03828,Vikram_3828,GOLD,Ahmedabad,2025-11-30,Y
C03829,Sneha_3829,SILVER,Pune,2024-11-03,Y
C03830,Rahul_3830,BRONZE,Bangalore,2023-04-10,Y
C03831,Sneha_3831,GOLD,Kolkata,2024-01-23,Y
C03832,Riya_3832,SILVER,Noida,2024-06-04,Y
C03833,Anuj_3833,SILVER,Hyderabad,2025-03-20,Y
C03834,Vikram_3834,BRONZE,Mumbai,2025-01-15,Y
C03835,Rahul_3835,GOLD,Delhi,2025-12-16,Y
C03836,Riya_3836,BRONZE,Bangalore,2024-07-05,Y
C03837,Arjun_3837,GOLD,Noida,2024-02-01,Y
C03838,Anuj_3838,SILVER,Noida,2025-10-04,Y
C03839,Riya_3839,GOLD,Jaipur,2025-12-16,Y
C03840,Sneha_3840,BRONZE,Noida,2024-09-21,Y
C03841,Karan_3841,BRONZE,Mumbai,2025-09-02,Y
C03842,Riya_3842,BRONZE,Bangalore,2025-10-03,Y
C03843,Rahul_3843,SILVER,Noida,2026-01-24,Y
C03844,Vikram_3844,BRONZE,Bangalore,2023-01-14,Y
C03845,Priya_3845,BRONZE,Kolkata,2026-01-18,Y
C03846,Arjun_3846,PLATINUM,Bangalore,2024-08-16,Y
C03847,Karan_3847,SILVER,Jaipur,2025-07-23,Y
C03848,Amit_3848,SILVER,Ahmedabad,2023-08-20,Y
C03849,Priya_3849,SILVER,Kolkata,2025-07-25,Y
C03850,Karan_3850,SILVER,Bangalore,2026-02-08,Y
C03851,Sneha_3851,BRONZE,Noida,2023-06-22,Y
C03852,Anuj_3852,SILVER,Ahmedabad,2024-12-08,Y
C03853,Arjun_3853,BRONZE,Delhi,2023-09-18,Y
C03854,Riya_3854,SILVER,Jaipur,2023-11-25,Y
C03855,Karan_3855,BRONZE,Ahmedabad,2024-06-17,Y
C03856,Sneha_3856,SILVER,Chennai,2024-11-08,Y
C03857,Rahul_3857,SILVER,Bangalore,2024-10-27,Y
C03858,Vikram_3858,GOLD,Delhi,2025-07-03,Y
C03859,Arjun_3859,SILVER,Hyderabad,2023-06-27,Y
C03860,Arjun_3860,SILVER,Noida,2025-05-27,Y
C03861,Sneha_3861,BRONZE,Delhi,2026-01-23,Y
C03862,Neha_3862,SILVER,Noida,2026-04-14,Y
C03863,Rahul_3863,BRONZE,Mumbai,2024-09-30,Y
C03864,Amit_3864,SILVER,Noida,2024-02-03,Y
C03865,Riya_3865,GOLD,Bangalore,2026-01-11,Y
C03866,Sneha_3866,BRONZE,Jaipur,2024-02-19,Y
C03867,Neha_3867,PLATINUM,Chennai,2025-01-22,Y
C03868,Karan_3868,BRONZE,Pune,2023-10-30,Y
C03869,Amit_3869,BRONZE,Jaipur,2023-07-24,Y
C03870,Riya_3870,SILVER,Bangalore,2023-08-17,Y
C03871,Rahul_3871,SILVER,Ahmedabad,2023-09-21,Y
C03872,Karan_3872,GOLD,Delhi,2023-03-11,Y
C03873,Karan_3873,SILVER,Delhi,2025-07-27,Y
C03874,Neha_3874,BRONZE,Mumbai,2026-02-19,Y
C03875,Karan_3875,SILVER,Pune,2025-02-26,Y
C03876,Rahul_3876,BRONZE,Delhi,2024-11-30,Y
C03877,Priya_3877,BRONZE,Mumbai,2024-12-31,Y
C03878,Sneha_3878,GOLD,Jaipur,2025-02-05,Y
C03879,Priya_3879,BRONZE,Bangalore,2023-05-21,Y
C03880,Vikram_3880,BRONZE,Mumbai,2025-09-04,Y
C03881,Sneha_3881,GOLD,Hyderabad,2024-02-24,Y
C03882,Sneha_3882,BRONZE,Chennai,2024-04-12,Y
C03883,Arjun_3883,SILVER,Ahmedabad,2025-10-22,Y
C03884,Vikram_3884,BRONZE,Kolkata,2023-04-23,Y
C03885,Amit_3885,BRONZE,Mumbai,2024-07-10,Y
C03886,Priya_3886,BRONZE,Mumbai,2025-07-18,Y
C03887,Priya_3887,BRONZE,Ahmedabad,2023-11-19,Y
C03888,Priya_3888,BRONZE,Bangalore,2025-03-27,Y
C03889,Vikram_3889,BRONZE,Delhi,2023-03-01,Y
C03890,Rahul_3890,SILVER,Bangalore,2024-12-31,Y
C03891,Priya_3891,BRONZE,Kolkata,2024-08-31,Y
C03892,Sneha_3892,BRONZE,Bangalore,2025-11-04,Y
C03893,Sneha_3893,BRONZE,Noida,2023-07-22,Y
C03894,Karan_3894,GOLD,Bangalore,2023-08-19,Y
C03895,Neha_3895,SILVER,Delhi,2023-06-12,Y
C03896,Sneha_3896,SILVER,Delhi,2025-09-27,Y
C03897,Amit_3897,SILVER,Mumbai,2023-07-03,Y
C03898,Neha_3898,BRONZE,Noida,2023-11-21,Y
C03899,Vikram_3899,SILVER,Delhi,2023-01-02,Y
C03900,Neha_3900,PLATINUM,Delhi,2025-03-31,Y
C03901,Anuj_3901,BRONZE,Noida,2024-05-22,Y
C03902,Vikram_3902,BRONZE,Noida,2025-09-09,Y
C03903,Arjun_3903,BRONZE,Bangalore,2024-12-16,Y
C03904,Sneha_3904,BRONZE,Mumbai,2025-12-08,Y
C03905,Sneha_3905,SILVER,Delhi,2025-02-07,Y
C03906,Vikram_3906,BRONZE,Hyderabad,2024-04-25,Y
C03907,Sneha_3907,GOLD,Mumbai,2025-05-21,Y
C03908,Anuj_3908,SILVER,Jaipur,2024-04-30,Y
C03909,Sneha_3909,GOLD,Mumbai,2024-11-19,Y
C03910,Neha_3910,BRONZE,Pune,2023-04-02,Y
C03911,Karan_3911,BRONZE,Chennai,2024-11-11,Y
C03912,Sneha_3912,SILVER,Delhi,2025-04-06,Y
C03913,Priya_3913,SILVER,Jaipur,2025-05-04,Y
C03914,Riya_3914,BRONZE,Delhi,2024-04-26,Y
C03915,Amit_3915,BRONZE,Chennai,2026-02-15,Y
C03916,Vikram_3916,BRONZE,Pune,2024-03-23,Y
C03917,Riya_3917,BRONZE,Bangalore,2025-03-11,Y
C03918,Anuj_3918,SILVER,Kolkata,2023-05-19,Y
C03919,Arjun_3919,SILVER,Delhi,2026-02-15,Y
C03920,Riya_3920,GOLD,Kolkata,2025-02-15,Y
C03921,Riya_3921,BRONZE,Noida,2024-12-05,Y
C03922,Neha_3922,BRONZE,Hyderabad,2023-11-19,Y
C03923,Arjun_3923,BRONZE,Delhi,2024-08-16,Y
C03924,Rahul_3924,BRONZE,Mumbai,2023-09-22,Y
C03925,Karan_3925,SILVER,Hyderabad,2023-11-16,Y
C03926,Priya_3926,PLATINUM,Pune,2023-07-24,Y
C03927,Riya_3927,PLATINUM,Mumbai,2024-04-25,Y
C03928,Anuj_3928,BRONZE,Ahmedabad,2024-04-23,Y
C03929,Anuj_3929,GOLD,Hyderabad,2023-01-17,Y
C03930,Rahul_3930,SILVER,Kolkata,2026-01-09,Y
C03931,Karan_3931,BRONZE,Hyderabad,2023-07-06,Y
C03932,Anuj_3932,GOLD,Ahmedabad,2024-02-04,Y
C03933,Anuj_3933,BRONZE,Ahmedabad,2024-12-01,Y
C03934,Riya_3934,BRONZE,Jaipur,2023-03-18,Y
C03935,Priya_3935,BRONZE,Chennai,2025-10-25,Y
C03936,Sneha_3936,BRONZE,Bangalore,2025-05-03,Y
C03937,Neha_3937,SILVER,Noida,2023-09-04,Y
C03938,Arjun_3938,BRONZE,Mumbai,2025-08-21,Y
C03939,Priya_3939,SILVER,Kolkata,2023-06-30,Y
C03940,Karan_3940,SILVER,Noida,2025-08-30,Y
C03941,Anuj_3941,SILVER,Delhi,2024-07-25,Y
C03942,Arjun_3942,BRONZE,Kolkata,2024-03-19,Y
C03943,Vikram_3943,SILVER,Jaipur,2025-12-02,Y
C03944,Arjun_3944,GOLD,Delhi,2023-08-16,Y
C03945,Sneha_3945,BRONZE,Ahmedabad,2024-07-12,Y
C03946,Priya_3946,BRONZE,Chennai,2023-05-28,Y
C03947,Vikram_3947,SILVER,Chennai,2025-08-04,Y
C03948,Neha_3948,BRONZE,Mumbai,2023-12-12,Y
C03949,Neha_3949,BRONZE,Chennai,2023-08-13,Y
C03950,Neha_3950,BRONZE,Kolkata,2024-08-20,Y
C03951,Arjun_3951,SILVER,Chennai,2025-11-01,Y
C03952,Neha_3952,BRONZE,Pune,2023-08-17,Y
C03953,Rahul_3953,BRONZE,Ahmedabad,2024-11-16,Y
C03954,Anuj_3954,BRONZE,Hyderabad,2025-07-20,Y
C03955,Neha_3955,BRONZE,Mumbai,2023-02-01,Y
C03956,Sneha_3956,BRONZE,Noida,2023-06-28,Y
C03957,Rahul_3957,GOLD,Jaipur,2023-08-30,Y
C03958,Priya_3958,BRONZE,Pune,2024-01-29,Y
C03959,Sneha_3959,BRONZE,Mumbai,2023-06-05,Y
C03960,Riya_3960,SILVER,Mumbai,2025-11-19,Y
C03961,Riya_3961,BRONZE,Jaipur,2023-09-20,Y
C03962,Riya_3962,BRONZE,Ahmedabad,2024-01-19,Y
C03963,Anuj_3963,SILVER,Chennai,2025-04-04,Y
C03964,Karan_3964,PLATINUM,Mumbai,2026-01-23,Y
C03965,Priya_3965,SILVER,Ahmedabad,2025-10-11,Y
C03966,Karan_3966,BRONZE,Noida,2023-02-01,Y
C03967,Neha_3967,GOLD,Ahmedabad,2026-01-17,Y
C03968,Neha_3968,GOLD,Pune,2023-10-26,Y
C03969,Rahul_3969,SILVER,Delhi,2026-01-27,Y
C03970,Rahul_3970,GOLD,Bangalore,2025-09-15,Y
C03971,Vikram_3971,SILVER,Mumbai,2024-03-31,Y
C03972,Amit_3972,BRONZE,Ahmedabad,2025-02-07,Y
C03973,Karan_3973,SILVER,Jaipur,2023-05-20,Y
C03974,Neha_3974,BRONZE,Pune,2026-02-12,Y
C03975,Sneha_3975,GOLD,Delhi,2023-06-30,Y
C03976,Vikram_3976,BRONZE,Jaipur,2023-07-26,Y
C03977,Arjun_3977,GOLD,Ahmedabad,2024-02-27,Y
C03978,Vikram_3978,BRONZE,Bangalore,2024-06-01,Y
C03979,Rahul_3979,PLATINUM,Noida,2025-12-30,Y
C03980,Amit_3980,GOLD,Noida,2023-12-13,Y
C03981,Vikram_3981,SILVER,Delhi,2023-01-28,Y
C03982,Amit_3982,PLATINUM,Noida,2025-02-25,Y
C03983,Anuj_3983,BRONZE,Ahmedabad,2023-02-01,Y
C03984,Riya_3984,BRONZE,Hyderabad,2023-09-11,Y
C03985,Amit_3985,BRONZE,Jaipur,2025-08-10,Y
C03986,Karan_3986,GOLD,Ahmedabad,2024-08-25,Y
C03987,Karan_3987,GOLD,Noida,2024-10-18,Y
C03988,Neha_3988,SILVER,Kolkata,2025-02-05,Y
C03989,Neha_3989,BRONZE,Chennai,2023-03-10,Y
C03990,Rahul_3990,BRONZE,Ahmedabad,2023-08-12,Y
C03991,Riya_3991,GOLD,Jaipur,2023-09-04,Y
C03992,Amit_3992,BRONZE,Bangalore,2025-04-16,Y
C03993,Amit_3993,BRONZE,Pune,2024-01-21,Y
C03994,Rahul_3994,SILVER,Mumbai,2026-03-29,Y
C03995,Arjun_3995,BRONZE,Hyderabad,2023-03-15,Y
C03996,Amit_3996,BRONZE,Noida,2023-01-07,Y
C03997,Riya_3997,BRONZE,Hyderabad,2024-04-18,Y
C03998,Priya_3998,GOLD,Delhi,2023-07-17,Y
C03999,Vikram_3999,GOLD,Ahmedabad,2024-08-28,Y
C04000,Neha_4000,GOLD,Chennai,2025-08-25,Y
C04001,Arjun_4001,SILVER,Chennai,2023-01-14,Y
C04002,Anuj_4002,SILVER,Bangalore,2026-02-27,Y
C04003,Karan_4003,SILVER,Mumbai,2024-12-13,Y
C04004,Arjun_4004,BRONZE,Mumbai,2023-06-01,Y
C04005,Amit_4005,BRONZE,Mumbai,2025-07-04,Y
C04006,Riya_4006,SILVER,Bangalore,2025-11-12,Y
C04007,Karan_4007,GOLD,Delhi,2024-01-12,Y
C04008,Neha_4008,SILVER,Mumbai,2024-06-27,Y
C04009,Rahul_4009,BRONZE,Pune,2023-02-04,N
C04010,Anuj_4010,BRONZE,Chennai,2025-02-03,Y
C04011,Anuj_4011,SILVER,Mumbai,2024-11-17,Y
C04012,Rahul_4012,BRONZE,Noida,2025-02-27,Y
C04013,Sneha_4013,SILVER,Ahmedabad,2023-06-19,Y
C04014,Sneha_4014,SILVER,Jaipur,2024-09-18,Y
C04015,Neha_4015,SILVER,Mumbai,2026-01-28,Y
C04016,Anuj_4016,BRONZE,Kolkata,2025-09-20,Y
C04017,Vikram_4017,BRONZE,Noida,2025-09-27,Y
C04018,Amit_4018,BRONZE,Noida,2023-05-25,Y
C04019,Anuj_4019,SILVER,Chennai,2024-08-17,Y
C04020,Amit_4020,PLATINUM,Delhi,2023-12-06,Y
C04021,Neha_4021,SILVER,Chennai,2024-09-10,Y
C04022,Amit_4022,BRONZE,Ahmedabad,2023-01-12,Y
C04023,Vikram_4023,SILVER,Bangalore,2024-05-26,Y
C04024,Riya_4024,GOLD,Delhi,2023-04-04,Y
C04025,Sneha_4025,SILVER,Noida,2024-06-07,Y
C04026,Arjun_4026,SILVER,Delhi,2026-04-12,Y
C04027,Vikram_4027,BRONZE,Bangalore,2026-02-22,Y
C04028,Amit_4028,SILVER,Pune,2026-01-19,Y
C04029,Amit_4029,GOLD,Chennai,2023-08-13,Y
C04030,Rahul_4030,GOLD,Bangalore,2024-11-30,Y
C04031,Arjun_4031,SILVER,Hyderabad,2023-09-02,Y
C04032,Neha_4032,BRONZE,Mumbai,2025-03-01,Y
C04033,Arjun_4033,BRONZE,Delhi,2023-09-02,Y
C04034,Rahul_4034,BRONZE,Hyderabad,2024-08-19,Y
C04035,Sneha_4035,BRONZE,Jaipur,2023-10-11,Y
C04036,Amit_4036,GOLD,Kolkata,2023-06-04,Y
C04037,Arjun_4037,BRONZE,Delhi,2023-09-05,Y
C04038,Amit_4038,SILVER,Ahmedabad,2023-03-14,Y
C04039,Arjun_4039,SILVER,Chennai,2024-09-06,Y
C04040,Anuj_4040,GOLD,Pune,2024-12-08,Y
C04041,Neha_4041,SILVER,Chennai,2024-09-10,Y
C04042,Sneha_4042,SILVER,Bangalore,2023-11-13,Y
C04043,Rahul_4043,SILVER,Hyderabad,2023-04-20,Y
C04044,Neha_4044,BRONZE,Noida,2023-01-13,Y
C04045,Riya_4045,SILVER,Kolkata,2023-04-07,Y
C04046,Rahul_4046,GOLD,Delhi,2024-07-17,Y
C04047,Vikram_4047,BRONZE,Jaipur,2025-06-26,Y
C04048,Amit_4048,SILVER,Hyderabad,2023-12-09,Y
C04049,Vikram_4049,BRONZE,Chennai,2024-03-19,Y
C04050,Anuj_4050,SILVER,Ahmedabad,2024-05-16,Y
C04051,Riya_4051,BRONZE,Jaipur,2024-11-10,Y
C04052,Anuj_4052,BRONZE,Bangalore,2024-08-30,Y
C04053,Vikram_4053,BRONZE,Kolkata,2024-10-28,Y
C04054,Priya_4054,SILVER,Mumbai,2023-06-30,Y
C04055,Sneha_4055,GOLD,Bangalore,2026-03-10,Y
C04056,Anuj_4056,BRONZE,Pune,2025-10-13,Y
C04057,Riya_4057,SILVER,Hyderabad,2024-06-26,Y
C04058,Priya_4058,BRONZE,Jaipur,2025-10-01,Y
C04059,Sneha_4059,SILVER,Pune,2026-02-13,Y
C04060,Karan_4060,GOLD,Mumbai,2025-07-05,Y
C04061,Amit_4061,BRONZE,Hyderabad,2023-07-12,Y
C04062,Rahul_4062,GOLD,Chennai,2024-08-08,Y
C04063,Riya_4063,BRONZE,Bangalore,2025-11-22,Y
C04064,Priya_4064,GOLD,Noida,2023-10-18,Y
C04065,Amit_4065,SILVER,Hyderabad,2025-06-01,Y
C04066,Amit_4066,BRONZE,Mumbai,2023-09-27,Y
C04067,Amit_4067,GOLD,Mumbai,2023-02-25,Y
C04068,Rahul_4068,BRONZE,Kolkata,2025-06-28,Y
C04069,Karan_4069,BRONZE,Pune,2023-12-01,Y
C04070,Riya_4070,SILVER,Chennai,2023-11-13,Y
C04071,Sneha_4071,SILVER,Bangalore,2026-02-05,Y
C04072,Anuj_4072,SILVER,Mumbai,2025-01-13,Y
C04073,Karan_4073,BRONZE,Mumbai,2023-09-10,Y
C04074,Priya_4074,SILVER,Pune,2024-11-10,Y
C04075,Vikram_4075,GOLD,Ahmedabad,2024-01-31,Y
C04076,Priya_4076,GOLD,Bangalore,2023-11-13,Y
C04077,Karan_4077,SILVER,Ahmedabad,2023-04-20,Y
C04078,Arjun_4078,BRONZE,Noida,2024-02-17,Y
C04079,Amit_4079,SILVER,Pune,2024-06-30,Y
C04080,Vikram_4080,SILVER,Noida,2025-05-23,Y
C04081,Arjun_4081,BRONZE,Jaipur,2025-06-03,Y
C04082,Arjun_4082,BRONZE,Chennai,2025-03-21,Y
C04083,Vikram_4083,SILVER,Bangalore,2023-05-12,Y
C04084,Neha_4084,BRONZE,Jaipur,2023-06-13,Y
C04085,Rahul_4085,BRONZE,Noida,2023-06-23,Y
C04086,Vikram_4086,BRONZE,Delhi,2025-11-06,Y
C04087,Anuj_4087,GOLD,Pune,2025-01-03,Y
C04088,Priya_4088,BRONZE,Noida,2024-09-12,Y
C04089,Rahul_4089,GOLD,Pune,2025-02-13,Y
C04090,Neha_4090,SILVER,Noida,2025-02-15,Y
C04091,Vikram_4091,BRONZE,Kolkata,2025-12-24,Y
C04092,Sneha_4092,GOLD,Ahmedabad,2026-04-06,Y
C04093,Anuj_4093,SILVER,Delhi,2024-01-11,Y
C04094,Rahul_4094,BRONZE,Delhi,2023-02-25,Y
C04095,Neha_4095,BRONZE,Ahmedabad,2024-04-30,Y
C04096,Anuj_4096,GOLD,Pune,2024-05-02,Y
C04097,Rahul_4097,BRONZE,Jaipur,2023-07-23,Y
C04098,Arjun_4098,GOLD,Chennai,2024-01-14,Y
C04099,Amit_4099,SILVER,Hyderabad,2024-03-17,Y
C04100,Rahul_4100,SILVER,Chennai,2025-02-23,Y
C04101,Neha_4101,PLATINUM,Jaipur,2023-10-07,Y
C04102,Amit_4102,GOLD,Noida,2025-08-29,Y
C04103,Neha_4103,SILVER,Jaipur,2024-06-30,Y
C04104,Arjun_4104,GOLD,Delhi,2025-05-04,Y
C04105,Amit_4105,BRONZE,Bangalore,2024-06-22,Y
C04106,Vikram_4106,SILVER,Jaipur,2025-06-30,Y
C04107,Amit_4107,BRONZE,Hyderabad,2024-08-10,Y
C04108,Anuj_4108,GOLD,Hyderabad,2024-12-12,Y
C04109,Neha_4109,BRONZE,Pune,2023-04-30,Y
C04110,Rahul_4110,BRONZE,Jaipur,2025-06-10,Y
C04111,Riya_4111,BRONZE,Kolkata,2023-06-28,Y
C04112,Sneha_4112,GOLD,Chennai,2026-03-13,Y
C04113,Karan_4113,GOLD,Chennai,2024-11-17,Y
C04114,Riya_4114,SILVER,Bangalore,2025-03-25,Y
C04115,Anuj_4115,SILVER,Ahmedabad,2023-01-14,Y
C04116,Priya_4116,BRONZE,Kolkata,2025-03-16,Y
C04117,Priya_4117,BRONZE,Mumbai,2023-02-27,Y
C04118,Arjun_4118,BRONZE,Ahmedabad,2024-09-18,Y
C04119,Amit_4119,SILVER,Pune,2025-12-15,Y
C04120,Riya_4120,BRONZE,Bangalore,2024-09-07,Y
C04121,Sneha_4121,BRONZE,Jaipur,2025-03-03,Y
C04122,Priya_4122,SILVER,Chennai,2023-10-28,Y
C04123,Karan_4123,SILVER,Ahmedabad,2025-09-28,Y
C04124,Neha_4124,PLATINUM,Bangalore,2023-11-07,Y
C04125,Arjun_4125,GOLD,Hyderabad,2024-07-12,Y
C04126,Vikram_4126,BRONZE,Chennai,2025-05-26,Y
C04127,Vikram_4127,GOLD,Delhi,2025-10-05,Y
C04128,Neha_4128,GOLD,Noida,2026-01-26,Y
C04129,Riya_4129,GOLD,Pune,2024-10-01,Y
C04130,Neha_4130,GOLD,Delhi,2023-08-10,Y
C04131,Vikram_4131,BRONZE,Delhi,2025-06-17,Y
C04132,Riya_4132,SILVER,Pune,2023-08-23,Y
C04133,Rahul_4133,BRONZE,Mumbai,2024-11-03,Y
C04134,Arjun_4134,SILVER,Noida,2025-07-16,Y
C04135,Riya_4135,SILVER,Jaipur,2024-06-20,Y
C04136,Karan_4136,SILVER,Hyderabad,2024-08-18,Y
C04137,Sneha_4137,GOLD,Delhi,2025-06-02,Y
C04138,Neha_4138,BRONZE,Kolkata,2025-07-24,Y
C04139,Karan_4139,BRONZE,Kolkata,2025-04-02,Y
C04140,Anuj_4140,BRONZE,Bangalore,2025-07-27,Y
C04141,Karan_4141,BRONZE,Bangalore,2024-02-02,Y
C04142,Priya_4142,SILVER,Pune,2023-08-07,Y
C04143,Amit_4143,SILVER,Ahmedabad,2024-01-06,Y
C04144,Priya_4144,SILVER,Chennai,2023-07-19,Y
C04145,Rahul_4145,SILVER,Chennai,2024-01-22,Y
C04146,Vikram_4146,BRONZE,Jaipur,2024-12-01,Y
C04147,Sneha_4147,SILVER,Hyderabad,2025-10-06,Y
C04148,Vikram_4148,SILVER,Bangalore,2026-03-19,Y
C04149,Rahul_4149,SILVER,Ahmedabad,2023-09-13,Y
C04150,Karan_4150,GOLD,Kolkata,2024-02-18,Y
C04151,Riya_4151,BRONZE,Bangalore,2025-05-16,Y
C04152,Anuj_4152,GOLD,Ahmedabad,2025-03-28,Y
C04153,Amit_4153,BRONZE,Delhi,2026-03-07,Y
C04154,Karan_4154,BRONZE,Delhi,2023-02-27,Y
C04155,Arjun_4155,BRONZE,Ahmedabad,2025-04-25,Y
C04156,Anuj_4156,BRONZE,Kolkata,2025-12-03,Y
C04157,Riya_4157,BRONZE,Noida,2023-03-04,Y
C04158,Karan_4158,SILVER,Bangalore,2025-03-25,Y
C04159,Amit_4159,PLATINUM,Kolkata,2025-09-26,Y
C04160,Neha_4160,GOLD,Delhi,2023-05-27,Y
C04161,Neha_4161,SILVER,Chennai,2025-08-21,Y
C04162,Neha_4162,SILVER,Ahmedabad,2025-08-31,Y
C04163,Vikram_4163,BRONZE,Noida,2024-12-18,Y
C04164,Rahul_4164,BRONZE,Delhi,2025-05-25,Y
C04165,Anuj_4165,SILVER,Ahmedabad,2023-01-15,Y
C04166,Rahul_4166,SILVER,Kolkata,2025-06-30,Y
C04167,Amit_4167,GOLD,Pune,2023-11-14,Y
C04168,Amit_4168,BRONZE,Hyderabad,2025-11-15,Y
C04169,Vikram_4169,BRONZE,Noida,2024-05-17,Y
C04170,Riya_4170,SILVER,Kolkata,2026-04-02,Y
C04171,Rahul_4171,GOLD,Hyderabad,2024-06-20,Y
C04172,Arjun_4172,GOLD,Kolkata,2023-03-15,Y
C04173,Amit_4173,SILVER,Noida,2025-04-15,Y
C04174,Karan_4174,BRONZE,Noida,2025-05-16,Y
C04175,Karan_4175,GOLD,Delhi,2024-09-06,Y
C04176,Riya_4176,GOLD,Kolkata,2023-02-18,Y
C04177,Priya_4177,SILVER,Delhi,2025-05-18,Y
C04178,Anuj_4178,BRONZE,Bangalore,2024-05-08,Y
C04179,Amit_4179,BRONZE,Mumbai,2024-09-19,Y
C04180,Karan_4180,SILVER,Chennai,2023-01-02,Y
C04181,Anuj_4181,SILVER,Kolkata,2023-12-28,Y
C04182,Amit_4182,SILVER,Noida,2025-07-16,Y
C04183,Riya_4183,SILVER,Noida,2025-12-23,Y
C04184,Sneha_4184,BRONZE,Delhi,2024-08-01,Y
C04185,Priya_4185,BRONZE,Kolkata,2023-01-23,Y
C04186,Neha_4186,SILVER,Ahmedabad,2023-03-03,Y
C04187,Karan_4187,BRONZE,Noida,2023-10-03,Y
C04188,Arjun_4188,SILVER,Kolkata,2025-04-01,Y
C04189,Arjun_4189,PLATINUM,Hyderabad,2023-07-09,Y
C04190,Arjun_4190,BRONZE,Mumbai,2023-03-02,Y
C04191,Priya_4191,BRONZE,Pune,2023-04-03,Y
C04192,Sneha_4192,PLATINUM,Ahmedabad,2025-01-01,Y
C04193,Arjun_4193,GOLD,Hyderabad,2024-09-07,Y
C04194,Rahul_4194,SILVER,Delhi,2023-09-07,Y
C04195,Sneha_4195,SILVER,Jaipur,2026-02-15,Y
C04196,Amit_4196,SILVER,Kolkata,2024-03-12,Y
C04197,Arjun_4197,SILVER,Pune,2025-03-30,Y
C04198,Arjun_4198,BRONZE,Hyderabad,2024-09-19,Y
C04199,Riya_4199,BRONZE,Kolkata,2023-10-15,Y
C04200,Riya_4200,SILVER,Ahmedabad,2023-06-13,Y
C04201,Amit_4201,SILVER,Mumbai,2023-03-05,Y
C04202,Anuj_4202,SILVER,Hyderabad,2025-06-02,Y
C04203,Priya_4203,BRONZE,Delhi,2023-03-23,Y
C04204,Riya_4204,SILVER,Delhi,2025-01-07,Y
C04205,Arjun_4205,SILVER,Kolkata,2023-06-20,Y
C04206,Riya_4206,GOLD,Bangalore,2025-01-30,Y
C04207,Riya_4207,BRONZE,Pune,2023-04-20,Y
C04208,Riya_4208,BRONZE,Jaipur,2024-08-16,Y
C04209,Rahul_4209,GOLD,Chennai,2026-01-13,Y
C04210,Anuj_4210,GOLD,Jaipur,2023-10-30,Y
C04211,Priya_4211,SILVER,Delhi,2023-03-16,Y
C04212,Neha_4212,GOLD,Delhi,2024-03-27,Y
C04213,Vikram_4213,SILVER,Kolkata,2023-07-03,Y
C04214,Arjun_4214,BRONZE,Delhi,2023-07-27,Y
C04215,Karan_4215,BRONZE,Noida,2024-11-29,Y
C04216,Rahul_4216,GOLD,Noida,2026-02-14,Y
C04217,Sneha_4217,BRONZE,Kolkata,2025-09-11,Y
C04218,Neha_4218,BRONZE,Jaipur,2023-10-13,Y
C04219,Riya_4219,BRONZE,Kolkata,2023-10-26,Y
C04220,Sneha_4220,BRONZE,Chennai,2024-04-25,N
C04221,Vikram_4221,PLATINUM,Delhi,2025-12-07,Y
C04222,Anuj_4222,BRONZE,Bangalore,2026-02-14,Y
C04223,Riya_4223,BRONZE,Chennai,2025-08-22,Y
C04224,Anuj_4224,SILVER,Kolkata,2024-10-06,Y
C04225,Karan_4225,BRONZE,Bangalore,2025-02-06,Y
C04226,Anuj_4226,SILVER,Hyderabad,2024-06-25,Y
C04227,Riya_4227,SILVER,Bangalore,2026-01-09,Y
C04228,Vikram_4228,BRONZE,Pune,2023-04-14,Y
C04229,Neha_4229,SILVER,Ahmedabad,2025-04-13,Y
C04230,Rahul_4230,SILVER,Pune,2025-01-21,Y
C04231,Riya_4231,SILVER,Noida,2026-03-10,Y
C04232,Vikram_4232,BRONZE,Bangalore,2025-09-22,Y
C04233,Arjun_4233,SILVER,Noida,2026-02-25,Y
C04234,Riya_4234,SILVER,Pune,2024-10-02,Y
C04235,Arjun_4235,BRONZE,Noida,2025-11-28,Y
C04236,Neha_4236,GOLD,Noida,2023-09-24,Y
C04237,Neha_4237,SILVER,Chennai,2024-04-09,Y
C04238,Vikram_4238,GOLD,Hyderabad,2025-04-19,Y
C04239,Riya_4239,GOLD,Pune,2025-06-25,Y
C04240,Sneha_4240,BRONZE,Delhi,2026-04-01,Y
C04241,Sneha_4241,SILVER,Delhi,2025-10-12,Y
C04242,Amit_4242,BRONZE,Pune,2024-02-09,Y
C04243,Rahul_4243,SILVER,Noida,2024-09-17,Y
C04244,Rahul_4244,SILVER,Chennai,2023-09-04,Y
C04245,Riya_4245,BRONZE,Kolkata,2026-04-02,Y
C04246,Karan_4246,BRONZE,Bangalore,2026-03-28,Y
C04247,Anuj_4247,BRONZE,Jaipur,2023-04-10,Y
C04248,Neha_4248,BRONZE,Chennai,2025-08-28,Y
C04249,Rahul_4249,BRONZE,Ahmedabad,2026-02-08,Y
C04250,Anuj_4250,BRONZE,Hyderabad,2024-10-11,Y
C04251,Arjun_4251,GOLD,Mumbai,2023-01-11,Y
C04252,Neha_4252,BRONZE,Bangalore,2025-02-03,Y
C04253,Vikram_4253,SILVER,Chennai,2025-09-16,Y
C04254,Neha_4254,SILVER,Pune,2025-10-18,Y
C04255,Vikram_4255,SILVER,Hyderabad,2025-10-02,Y
C04256,Arjun_4256,SILVER,Bangalore,2023-09-23,Y
C04257,Arjun_4257,BRONZE,Ahmedabad,2024-05-21,Y
C04258,Riya_4258,BRONZE,Hyderabad,2024-11-16,Y
C04259,Anuj_4259,SILVER,Jaipur,2026-02-20,Y
C04260,Arjun_4260,SILVER,Delhi,2024-01-03,Y
C04261,Neha_4261,GOLD,Bangalore,2023-11-18,Y
C04262,Arjun_4262,SILVER,Kolkata,2025-09-18,Y
C04263,Sneha_4263,GOLD,Jaipur,2024-03-26,Y
C04264,Amit_4264,BRONZE,Ahmedabad,2025-11-04,Y
C04265,Priya_4265,GOLD,Bangalore,2025-01-16,Y
C04266,Neha_4266,SILVER,Noida,2023-02-10,Y
C04267,Anuj_4267,PLATINUM,Hyderabad,2026-04-05,Y
C04268,Sneha_4268,BRONZE,Pune,2024-04-01,Y
C04269,Amit_4269,GOLD,Chennai,2023-03-30,Y
C04270,Vikram_4270,BRONZE,Jaipur,2026-03-08,Y
C04271,Anuj_4271,BRONZE,Hyderabad,2025-09-29,Y
C04272,Karan_4272,BRONZE,Jaipur,2023-06-20,Y
C04273,Sneha_4273,BRONZE,Hyderabad,2023-04-23,Y
C04274,Anuj_4274,BRONZE,Pune,2025-05-15,Y
C04275,Amit_4275,GOLD,Jaipur,2024-02-03,Y
C04276,Anuj_4276,SILVER,Jaipur,2023-09-10,Y
C04277,Amit_4277,GOLD,Delhi,2023-08-11,Y
C04278,Riya_4278,SILVER,Pune,2025-11-10,Y
C04279,Anuj_4279,BRONZE,Jaipur,2024-02-24,Y
C04280,Neha_4280,SILVER,Hyderabad,2023-01-24,Y
C04281,Priya_4281,BRONZE,Jaipur,2025-05-15,Y
C04282,Priya_4282,BRONZE,Pune,2023-09-24,Y
C04283,Amit_4283,PLATINUM,Jaipur,2025-04-15,Y
C04284,Priya_4284,GOLD,Jaipur,2023-07-26,Y
C04285,Riya_4285,GOLD,Chennai,2024-10-06,Y
C04286,Vikram_4286,SILVER,Kolkata,2025-06-19,Y
C04287,Sneha_4287,GOLD,Bangalore,2025-03-17,Y
C04288,Rahul_4288,BRONZE,Pune,2024-05-23,Y
C04289,Sneha_4289,SILVER,Ahmedabad,2024-04-24,Y
C04290,Riya_4290,BRONZE,Jaipur,2024-10-29,Y
C04291,Vikram_4291,GOLD,Chennai,2025-07-30,Y
C04292,Priya_4292,BRONZE,Noida,2024-12-21,Y
C04293,Riya_4293,BRONZE,Bangalore,2026-02-04,Y
C04294,Anuj_4294,GOLD,Noida,2024-02-21,Y
C04295,Sneha_4295,BRONZE,Pune,2023-08-25,Y
C04296,Sneha_4296,BRONZE,Hyderabad,2025-07-13,Y
C04297,Karan_4297,BRONZE,Delhi,2024-01-08,Y
C04298,Anuj_4298,BRONZE,Mumbai,2023-10-11,Y
C04299,Vikram_4299,SILVER,Hyderabad,2025-05-26,Y
C04300,Sneha_4300,GOLD,Delhi,2024-03-11,Y
C04301,Anuj_4301,GOLD,Delhi,2025-07-20,Y
C04302,Amit_4302,BRONZE,Delhi,2025-04-07,Y
C04303,Arjun_4303,BRONZE,Bangalore,2024-08-06,Y
C04304,Amit_4304,GOLD,Noida,2023-09-13,Y
C04305,Arjun_4305,SILVER,Hyderabad,2025-02-18,Y
C04306,Priya_4306,SILVER,Chennai,2023-09-26,Y
C04307,Rahul_4307,SILVER,Kolkata,2024-06-08,Y
C04308,Anuj_4308,GOLD,Delhi,2025-02-25,Y
C04309,Priya_4309,BRONZE,Mumbai,2025-02-08,Y
C04310,Neha_4310,BRONZE,Chennai,2025-02-03,Y
C04311,Karan_4311,BRONZE,Noida,2026-03-16,Y
C04312,Rahul_4312,SILVER,Kolkata,2024-11-11,Y
C04313,Riya_4313,GOLD,Chennai,2025-04-27,Y
C04314,Neha_4314,SILVER,Bangalore,2025-06-01,Y
C04315,Rahul_4315,BRONZE,Mumbai,2023-12-23,Y
C04316,Sneha_4316,BRONZE,Pune,2023-04-21,Y
C04317,Neha_4317,SILVER,Delhi,2024-07-09,Y
C04318,Arjun_4318,BRONZE,Hyderabad,2024-03-14,Y
C04319,Riya_4319,BRONZE,Pune,2025-02-27,Y
C04320,Vikram_4320,BRONZE,Delhi,2026-04-09,Y
C04321,Priya_4321,BRONZE,Hyderabad,2024-07-16,Y
C04322,Priya_4322,BRONZE,Pune,2023-09-28,Y
C04323,Neha_4323,GOLD,Jaipur,2024-11-29,Y
C04324,Riya_4324,BRONZE,Chennai,2023-01-24,Y
C04325,Vikram_4325,BRONZE,Noida,2026-02-28,Y
C04326,Amit_4326,BRONZE,Delhi,2023-10-14,Y
C04327,Rahul_4327,BRONZE,Delhi,2023-04-19,Y
C04328,Arjun_4328,SILVER,Bangalore,2025-12-18,Y
C04329,Arjun_4329,SILVER,Bangalore,2023-02-16,Y
C04330,Amit_4330,BRONZE,Delhi,2023-02-03,Y
C04331,Riya_4331,BRONZE,Jaipur,2025-08-07,Y
C04332,Vikram_4332,GOLD,Delhi,2024-10-21,Y
C04333,Rahul_4333,SILVER,Kolkata,2024-12-12,Y
C04334,Rahul_4334,SILVER,Kolkata,2025-01-29,Y
C04335,Anuj_4335,BRONZE,Noida,2024-01-10,Y
C04336,Amit_4336,GOLD,Hyderabad,2024-10-08,Y
C04337,Sneha_4337,BRONZE,Mumbai,2025-12-04,Y
C04338,Karan_4338,SILVER,Delhi,2023-04-13,Y
C04339,Neha_4339,PLATINUM,Noida,2025-10-24,Y
C04340,Amit_4340,SILVER,Chennai,2026-04-02,Y
C04341,Amit_4341,BRONZE,Hyderabad,2023-05-18,Y
C04342,Sneha_4342,GOLD,Mumbai,2024-12-01,Y
C04343,Karan_4343,BRONZE,Hyderabad,2024-12-19,Y
C04344,Amit_4344,GOLD,Kolkata,2025-11-18,Y
C04345,Sneha_4345,SILVER,Bangalore,2023-12-22,Y
C04346,Anuj_4346,SILVER,Bangalore,2026-03-16,Y
C04347,Priya_4347,BRONZE,Delhi,2025-03-24,Y
C04348,Priya_4348,BRONZE,Jaipur,2023-02-23,Y
C04349,Riya_4349,GOLD,Jaipur,2023-04-28,Y
C04350,Anuj_4350,BRONZE,Hyderabad,2024-01-14,Y
C04351,Sneha_4351,BRONZE,Bangalore,2024-08-05,Y
C04352,Anuj_4352,BRONZE,Noida,2023-08-01,Y
C04353,Amit_4353,SILVER,Mumbai,2026-02-16,Y
C04354,Arjun_4354,BRONZE,Kolkata,2024-11-07,Y
C04355,Riya_4355,SILVER,Noida,2024-11-01,Y
C04356,Riya_4356,GOLD,Pune,2024-03-28,Y
C04357,Amit_4357,BRONZE,Bangalore,2024-09-15,Y
C04358,Riya_4358,GOLD,Noida,2024-07-14,Y
C04359,Riya_4359,BRONZE,Chennai,2025-05-10,Y
C04360,Amit_4360,BRONZE,Jaipur,2025-01-03,Y
C04361,Rahul_4361,BRONZE,Chennai,2023-03-23,Y
C04362,Sneha_4362,BRONZE,Ahmedabad,2024-05-31,Y
C04363,Karan_4363,SILVER,Hyderabad,2025-04-02,Y
C04364,Amit_4364,SILVER,Jaipur,2023-09-07,Y
C04365,Vikram_4365,GOLD,Bangalore,2025-01-26,Y
C04366,Rahul_4366,BRONZE,Kolkata,2026-02-26,Y
C04367,Anuj_4367,GOLD,Chennai,2023-07-18,Y
C04368,Amit_4368,BRONZE,Bangalore,2026-03-17,Y
C04369,Anuj_4369,SILVER,Chennai,2024-02-16,Y
C04370,Priya_4370,SILVER,Bangalore,2026-03-26,Y
C04371,Priya_4371,BRONZE,Bangalore,2023-04-30,Y
C04372,Vikram_4372,BRONZE,Kolkata,2024-01-19,Y
C04373,Arjun_4373,BRONZE,Chennai,2023-04-28,Y
C04374,Rahul_4374,BRONZE,Kolkata,2023-11-20,Y
C04375,Neha_4375,GOLD,Hyderabad,2026-03-02,Y
C04376,Amit_4376,BRONZE,Mumbai,2024-01-24,Y
C04377,Amit_4377,SILVER,Hyderabad,2025-12-31,Y
C04378,Rahul_4378,GOLD,Noida,2024-02-03,Y
C04379,Arjun_4379,SILVER,Noida,2026-04-08,Y
C04380,Neha_4380,BRONZE,Noida,2024-03-03,Y
C04381,Amit_4381,PLATINUM,Kolkata,2023-11-03,Y
C04382,Karan_4382,SILVER,Kolkata,2026-04-11,Y
C04383,Priya_4383,BRONZE,Ahmedabad,2026-04-15,Y
C04384,Vikram_4384,SILVER,Bangalore,2026-01-16,Y
C04385,Anuj_4385,SILVER,Hyderabad,2024-02-12,Y
C04386,Priya_4386,BRONZE,Chennai,2026-01-16,Y
C04387,Karan_4387,SILVER,Mumbai,2025-03-15,Y
C04388,Sneha_4388,GOLD,Delhi,2023-03-20,Y
C04389,Vikram_4389,BRONZE,Jaipur,2025-06-24,Y
C04390,Arjun_4390,BRONZE,Delhi,2025-11-03,Y
C04391,Priya_4391,BRONZE,Noida,2026-02-13,Y
C04392,Neha_4392,GOLD,Delhi,2024-10-14,Y
C04393,Sneha_4393,PLATINUM,Chennai,2026-02-06,Y
C04394,Amit_4394,BRONZE,Noida,2023-03-23,Y
C04395,Neha_4395,BRONZE,Hyderabad,2025-10-24,Y
C04396,Priya_4396,BRONZE,Noida,2024-02-10,Y
C04397,Riya_4397,BRONZE,Hyderabad,2023-03-28,Y
C04398,Neha_4398,GOLD,Mumbai,2023-04-23,Y
C04399,Riya_4399,BRONZE,Noida,2023-12-06,Y
C04400,Arjun_4400,PLATINUM,Chennai,2024-06-11,Y
C04401,Priya_4401,GOLD,Bangalore,2026-01-07,Y
C04402,Riya_4402,GOLD,Hyderabad,2024-12-13,Y
C04403,Vikram_4403,BRONZE,Bangalore,2025-06-15,Y
C04404,Priya_4404,BRONZE,Jaipur,2025-10-01,Y
C04405,Rahul_4405,GOLD,Jaipur,2024-03-14,Y
C04406,Priya_4406,GOLD,Pune,2024-05-26,Y
C04407,Amit_4407,SILVER,Pune,2025-02-15,Y
C04408,Rahul_4408,GOLD,Kolkata,2023-06-05,Y
C04409,Arjun_4409,BRONZE,Kolkata,2025-03-14,Y
C04410,Karan_4410,BRONZE,Delhi,2023-06-07,Y
C04411,Arjun_4411,BRONZE,Mumbai,2025-03-20,Y
C04412,Sneha_4412,GOLD,Pune,2025-07-23,Y
C04413,Rahul_4413,BRONZE,Kolkata,2024-12-06,Y
C04414,Riya_4414,BRONZE,Chennai,2025-09-06,Y
C04415,Sneha_4415,BRONZE,Kolkata,2023-02-10,Y
C04416,Priya_4416,SILVER,Kolkata,2023-12-12,Y
C04417,Sneha_4417,BRONZE,Delhi,2023-12-21,Y
C04418,Arjun_4418,SILVER,Noida,2024-10-03,Y
C04419,Amit_4419,BRONZE,Pune,2025-05-03,Y
C04420,Amit_4420,PLATINUM,Ahmedabad,2024-02-24,Y
C04421,Vikram_4421,GOLD,Mumbai,2026-03-13,Y
C04422,Anuj_4422,SILVER,Ahmedabad,2024-03-15,Y
C04423,Vikram_4423,BRONZE,Hyderabad,2023-01-18,Y
C04424,Riya_4424,SILVER,Ahmedabad,2024-08-20,Y
C04425,Arjun_4425,PLATINUM,Pune,2025-07-31,Y
C04426,Vikram_4426,BRONZE,Delhi,2025-12-23,Y
C04427,Anuj_4427,BRONZE,Hyderabad,2025-02-26,Y
C04428,Anuj_4428,GOLD,Delhi,2025-09-17,Y
C04429,Anuj_4429,BRONZE,Hyderabad,2023-09-11,Y
C04430,Sneha_4430,BRONZE,Chennai,2024-04-04,Y
C04431,Neha_4431,SILVER,Pune,2025-09-01,N
C04432,Vikram_4432,SILVER,Delhi,2024-10-09,Y
C04433,Sneha_4433,BRONZE,Noida,2025-08-07,Y
C04434,Sneha_4434,GOLD,Ahmedabad,2025-10-02,Y
C04435,Riya_4435,BRONZE,Ahmedabad,2024-12-15,Y
C04436,Sneha_4436,SILVER,Jaipur,2023-04-07,Y
C04437,Rahul_4437,SILVER,Bangalore,2023-12-28,Y
C04438,Rahul_4438,BRONZE,Mumbai,2026-01-23,Y
C04439,Anuj_4439,SILVER,Mumbai,2023-07-10,Y
C04440,Vikram_4440,SILVER,Bangalore,2025-08-28,Y
C04441,Neha_4441,SILVER,Chennai,2025-03-10,Y
C04442,Amit_4442,SILVER,Mumbai,2025-06-12,Y
C04443,Karan_4443,BRONZE,Delhi,2023-12-17,Y
C04444,Anuj_4444,BRONZE,Chennai,2024-07-14,Y
C04445,Anuj_4445,GOLD,Chennai,2024-06-19,Y
C04446,Neha_4446,GOLD,Bangalore,2023-11-06,Y
C04447,Arjun_4447,PLATINUM,Ahmedabad,2024-03-10,Y
C04448,Karan_4448,GOLD,Noida,2024-01-27,Y
C04449,Neha_4449,BRONZE,Kolkata,2024-08-23,Y
C04450,Arjun_4450,SILVER,Kolkata,2025-11-04,Y
C04451,Neha_4451,SILVER,Mumbai,2023-02-28,Y
C04452,Anuj_4452,BRONZE,Noida,2026-03-02,Y
C04453,Vikram_4453,SILVER,Hyderabad,2023-12-02,Y
C04454,Anuj_4454,BRONZE,Pune,2026-01-30,Y
C04455,Sneha_4455,SILVER,Ahmedabad,2025-12-10,Y
C04456,Riya_4456,BRONZE,Kolkata,2024-02-22,Y
C04457,Priya_4457,PLATINUM,Pune,2026-02-08,Y
C04458,Rahul_4458,SILVER,Bangalore,2023-10-18,Y
C04459,Vikram_4459,BRONZE,Chennai,2025-12-21,Y
C04460,Anuj_4460,BRONZE,Hyderabad,2024-06-29,Y
C04461,Riya_4461,SILVER,Hyderabad,2024-08-14,Y
C04462,Riya_4462,GOLD,Noida,2023-08-20,Y
C04463,Neha_4463,SILVER,Ahmedabad,2025-10-18,Y
C04464,Vikram_4464,SILVER,Mumbai,2025-04-24,Y
C04465,Vikram_4465,GOLD,Pune,2023-04-21,Y
C04466,Neha_4466,BRONZE,Jaipur,2024-06-18,Y
C04467,Arjun_4467,BRONZE,Noida,2025-08-27,Y
C04468,Karan_4468,SILVER,Chennai,2024-01-15,Y
C04469,Priya_4469,BRONZE,Delhi,2024-04-02,Y
C04470,Rahul_4470,BRONZE,Hyderabad,2023-03-05,Y
C04471,Karan_4471,SILVER,Kolkata,2024-09-16,Y
C04472,Amit_4472,BRONZE,Noida,2023-09-24,Y
C04473,Vikram_4473,SILVER,Ahmedabad,2024-07-29,Y
C04474,Arjun_4474,GOLD,Bangalore,2024-08-29,Y
C04475,Riya_4475,BRONZE,Kolkata,2026-02-14,Y
C04476,Karan_4476,BRONZE,Kolkata,2023-02-18,Y
C04477,Vikram_4477,BRONZE,Noida,2024-08-30,Y
C04478,Sneha_4478,SILVER,Delhi,2024-07-12,Y
C04479,Amit_4479,SILVER,Kolkata,2025-07-14,Y
C04480,Amit_4480,SILVER,Noida,2025-06-30,Y
C04481,Riya_4481,BRONZE,Delhi,2023-03-16,Y
C04482,Vikram_4482,BRONZE,Bangalore,2023-10-02,Y
C04483,Anuj_4483,BRONZE,Pune,2023-09-10,Y
C04484,Vikram_4484,GOLD,Kolkata,2024-08-20,Y
C04485,Arjun_4485,GOLD,Jaipur,2023-10-16,Y
C04486,Neha_4486,BRONZE,Jaipur,2025-03-17,Y
C04487,Sneha_4487,SILVER,Kolkata,2025-04-28,Y
C04488,Rahul_4488,SILVER,Pune,2023-01-28,Y
C04489,Rahul_4489,SILVER,Chennai,2025-10-13,Y
C04490,Arjun_4490,GOLD,Jaipur,2024-01-27,Y
C04491,Amit_4491,SILVER,Kolkata,2023-04-02,Y
C04492,Arjun_4492,BRONZE,Ahmedabad,2025-12-09,Y
C04493,Sneha_4493,SILVER,Noida,2025-01-31,Y
C04494,Vikram_4494,GOLD,Kolkata,2024-09-17,Y
C04495,Karan_4495,BRONZE,Pune,2025-05-10,Y
C04496,Anuj_4496,SILVER,Hyderabad,2026-01-29,Y
C04497,Karan_4497,BRONZE,Bangalore,2026-01-26,Y
C04498,Riya_4498,SILVER,Ahmedabad,2024-05-14,Y
C04499,Amit_4499,GOLD,Chennai,2026-01-28,Y
C04500,Sneha_4500,BRONZE,Pune,2025-08-27,Y
C04501,Sneha_4501,SILVER,Bangalore,2024-02-15,Y
C04502,Neha_4502,BRONZE,Jaipur,2024-08-22,Y
C04503,Karan_4503,BRONZE,Hyderabad,2025-10-06,Y
C04504,Priya_4504,SILVER,Mumbai,2024-03-22,Y
C04505,Sneha_4505,BRONZE,Mumbai,2026-04-13,Y
C04506,Vikram_4506,BRONZE,Bangalore,2024-04-21,Y
C04507,Anuj_4507,SILVER,Ahmedabad,2023-07-25,Y
C04508,Sneha_4508,GOLD,Hyderabad,2025-06-11,Y
C04509,Neha_4509,SILVER,Bangalore,2025-10-18,Y
C04510,Anuj_4510,GOLD,Bangalore,2025-02-21,Y
C04511,Anuj_4511,SILVER,Pune,2023-05-10,Y
C04512,Rahul_4512,GOLD,Kolkata,2023-07-01,Y
C04513,Priya_4513,BRONZE,Mumbai,2025-08-28,Y
C04514,Vikram_4514,GOLD,Delhi,2024-06-19,Y
C04515,Priya_4515,BRONZE,Mumbai,2023-10-26,Y
C04516,Vikram_4516,GOLD,Jaipur,2023-08-19,Y
C04517,Anuj_4517,GOLD,Bangalore,2023-03-11,Y
C04518,Priya_4518,GOLD,Bangalore,2025-11-14,Y
C04519,Sneha_4519,BRONZE,Delhi,2024-05-12,Y
C04520,Anuj_4520,SILVER,Hyderabad,2025-10-18,Y
C04521,Riya_4521,SILVER,Kolkata,2026-04-13,Y
C04522,Priya_4522,SILVER,Bangalore,2023-06-21,Y
C04523,Priya_4523,SILVER,Noida,2025-03-20,Y
C04524,Riya_4524,BRONZE,Mumbai,2025-12-04,Y
C04525,Vikram_4525,SILVER,Bangalore,2026-03-22,Y
C04526,Karan_4526,SILVER,Mumbai,2025-09-24,Y
C04527,Riya_4527,BRONZE,Jaipur,2023-03-03,Y
C04528,Vikram_4528,SILVER,Pune,2024-10-10,Y
C04529,Sneha_4529,SILVER,Jaipur,2025-04-18,Y
C04530,Sneha_4530,PLATINUM,Hyderabad,2024-04-15,Y
C04531,Karan_4531,BRONZE,Noida,2025-04-21,Y
C04532,Karan_4532,SILVER,Hyderabad,2026-04-08,Y
C04533,Vikram_4533,SILVER,Jaipur,2024-07-06,Y
C04534,Rahul_4534,SILVER,Kolkata,2026-04-07,Y
C04535,Arjun_4535,SILVER,Noida,2023-11-25,Y
C04536,Amit_4536,SILVER,Kolkata,2024-10-29,Y
C04537,Priya_4537,BRONZE,Noida,2024-12-17,Y
C04538,Arjun_4538,BRONZE,Hyderabad,2026-01-13,Y
C04539,Priya_4539,GOLD,Jaipur,2025-09-11,Y
C04540,Arjun_4540,BRONZE,Mumbai,2026-03-27,Y
C04541,Anuj_4541,BRONZE,Delhi,2023-10-11,Y
C04542,Vikram_4542,BRONZE,Kolkata,2023-12-12,Y
C04543,Priya_4543,GOLD,Mumbai,2024-12-16,Y
C04544,Vikram_4544,BRONZE,Noida,2026-03-04,Y
C04545,Sneha_4545,SILVER,Ahmedabad,2025-01-24,Y
C04546,Riya_4546,GOLD,Jaipur,2024-02-06,Y
C04547,Amit_4547,GOLD,Pune,2025-06-15,Y
C04548,Sneha_4548,SILVER,Bangalore,2026-01-06,Y
C04549,Neha_4549,BRONZE,Kolkata,2025-12-16,Y
C04550,Priya_4550,SILVER,Noida,2025-09-20,Y
C04551,Riya_4551,BRONZE,Chennai,2023-08-07,Y
C04552,Riya_4552,GOLD,Jaipur,2024-11-05,Y
C04553,Sneha_4553,SILVER,Chennai,2026-04-04,Y
C04554,Anuj_4554,SILVER,Chennai,2024-07-29,Y
C04555,Arjun_4555,GOLD,Hyderabad,2024-11-27,Y
C04556,Neha_4556,BRONZE,Pune,2026-01-08,Y
C04557,Riya_4557,BRONZE,Pune,2023-12-16,Y
C04558,Rahul_4558,GOLD,Jaipur,2025-07-17,Y
C04559,Sneha_4559,BRONZE,Bangalore,2023-12-26,Y
C04560,Neha_4560,SILVER,Ahmedabad,2024-01-20,Y
C04561,Sneha_4561,BRONZE,Delhi,2026-03-05,Y
C04562,Rahul_4562,SILVER,Hyderabad,2024-03-22,Y
C04563,Anuj_4563,BRONZE,Delhi,2023-12-04,Y
C04564,Anuj_4564,PLATINUM,Jaipur,2025-08-02,Y
C04565,Anuj_4565,GOLD,Jaipur,2024-03-29,Y
C04566,Priya_4566,GOLD,Pune,2024-12-23,Y
C04567,Riya_4567,BRONZE,Chennai,2023-09-02,Y
C04568,Arjun_4568,GOLD,Ahmedabad,2025-04-19,Y
C04569,Neha_4569,SILVER,Delhi,2023-05-15,Y
C04570,Riya_4570,BRONZE,Jaipur,2023-09-01,Y
C04571,Karan_4571,SILVER,Ahmedabad,2024-12-22,Y
C04572,Priya_4572,GOLD,Noida,2025-04-28,Y
C04573,Sneha_4573,SILVER,Chennai,2023-01-11,Y
C04574,Anuj_4574,BRONZE,Delhi,2024-12-05,Y
C04575,Karan_4575,GOLD,Hyderabad,2025-07-24,Y
C04576,Sneha_4576,SILVER,Ahmedabad,2023-11-21,Y
C04577,Riya_4577,BRONZE,Kolkata,2023-05-11,Y
C04578,Karan_4578,PLATINUM,Ahmedabad,2025-04-29,Y
C04579,Riya_4579,SILVER,Kolkata,2025-04-19,Y
C04580,Sneha_4580,PLATINUM,Bangalore,2025-09-05,Y
C04581,Sneha_4581,GOLD,Pune,2025-08-04,Y
C04582,Anuj_4582,BRONZE,Jaipur,2024-10-28,Y
C04583,Arjun_4583,BRONZE,Kolkata,2023-05-10,Y
C04584,Sneha_4584,SILVER,Hyderabad,2024-12-23,Y
C04585,Karan_4585,SILVER,Mumbai,2023-02-03,Y
C04586,Vikram_4586,BRONZE,Hyderabad,2023-12-31,Y
C04587,Arjun_4587,SILVER,Mumbai,2026-04-01,Y
C04588,Arjun_4588,GOLD,Ahmedabad,2023-11-27,Y
C04589,Priya_4589,GOLD,Pune,2023-06-24,Y
C04590,Priya_4590,SILVER,Jaipur,2025-11-16,Y
C04591,Arjun_4591,GOLD,Noida,2023-05-08,Y
C04592,Sneha_4592,BRONZE,Chennai,2023-04-10,Y
C04593,Vikram_4593,BRONZE,Jaipur,2023-02-20,Y
C04594,Neha_4594,SILVER,Jaipur,2023-01-18,Y
C04595,Rahul_4595,BRONZE,Hyderabad,2023-11-16,Y
C04596,Arjun_4596,GOLD,Kolkata,2023-07-13,Y
C04597,Karan_4597,SILVER,Hyderabad,2025-03-10,Y
C04598,Rahul_4598,SILVER,Bangalore,2023-11-29,Y
C04599,Vikram_4599,GOLD,Noida,2025-10-16,Y
C04600,Rahul_4600,BRONZE,Pune,2025-01-11,Y
C04601,Neha_4601,SILVER,Delhi,2023-09-15,Y
C04602,Neha_4602,BRONZE,Noida,2026-03-28,Y
C04603,Sneha_4603,SILVER,Bangalore,2025-02-08,Y
C04604,Rahul_4604,GOLD,Chennai,2025-07-15,Y
C04605,Anuj_4605,BRONZE,Kolkata,2025-06-02,Y
C04606,Priya_4606,BRONZE,Noida,2025-07-25,Y
C04607,Arjun_4607,SILVER,Jaipur,2025-03-05,Y
C04608,Sneha_4608,BRONZE,Bangalore,2025-06-26,Y
C04609,Amit_4609,BRONZE,Chennai,2025-06-03,Y
C04610,Neha_4610,BRONZE,Ahmedabad,2024-01-14,Y
C04611,Riya_4611,BRONZE,Chennai,2025-04-14,Y
C04612,Karan_4612,SILVER,Pune,2025-03-05,Y
C04613,Karan_4613,BRONZE,Noida,2023-08-15,Y
C04614,Priya_4614,GOLD,Chennai,2024-02-05,Y
C04615,Priya_4615,BRONZE,Hyderabad,2026-04-13,Y
C04616,Arjun_4616,GOLD,Mumbai,2025-03-31,Y
C04617,Vikram_4617,SILVER,Hyderabad,2024-05-03,Y
C04618,Amit_4618,BRONZE,Hyderabad,2024-11-20,Y
C04619,Vikram_4619,BRONZE,Kolkata,2026-02-07,Y
C04620,Rahul_4620,SILVER,Mumbai,2026-01-23,Y
C04621,Karan_4621,SILVER,Pune,2023-10-29,Y
C04622,Anuj_4622,GOLD,Noida,2023-11-30,Y
C04623,Sneha_4623,SILVER,Chennai,2026-01-02,Y
C04624,Amit_4624,BRONZE,Kolkata,2023-04-27,Y
C04625,Priya_4625,GOLD,Hyderabad,2025-12-12,Y
C04626,Rahul_4626,BRONZE,Noida,2024-09-13,Y
C04627,Karan_4627,PLATINUM,Kolkata,2025-01-27,Y
C04628,Vikram_4628,GOLD,Ahmedabad,2024-03-03,Y
C04629,Amit_4629,SILVER,Pune,2026-03-27,Y
C04630,Vikram_4630,BRONZE,Noida,2023-08-04,Y
C04631,Sneha_4631,BRONZE,Delhi,2023-10-21,Y
C04632,Arjun_4632,BRONZE,Kolkata,2025-01-08,Y
C04633,Karan_4633,GOLD,Hyderabad,2025-04-20,Y
C04634,Karan_4634,SILVER,Chennai,2024-01-29,Y
C04635,Vikram_4635,SILVER,Pune,2023-10-14,Y
C04636,Neha_4636,SILVER,Hyderabad,2023-11-27,Y
C04637,Karan_4637,SILVER,Chennai,2023-03-21,Y
C04638,Arjun_4638,GOLD,Kolkata,2024-06-27,Y
C04639,Anuj_4639,PLATINUM,Noida,2024-06-24,Y
C04640,Priya_4640,PLATINUM,Hyderabad,2024-06-16,Y
C04641,Sneha_4641,BRONZE,Kolkata,2025-01-08,Y
C04642,Neha_4642,BRONZE,Kolkata,2024-03-31,N
C04643,Anuj_4643,GOLD,Delhi,2024-03-09,Y
C04644,Vikram_4644,BRONZE,Kolkata,2024-08-22,Y
C04645,Riya_4645,SILVER,Mumbai,2025-12-11,Y
C04646,Karan_4646,BRONZE,Noida,2025-03-14,Y
C04647,Anuj_4647,BRONZE,Noida,2024-10-26,Y
C04648,Amit_4648,BRONZE,Noida,2025-01-04,Y
C04649,Vikram_4649,BRONZE,Hyderabad,2024-06-26,Y
C04650,Karan_4650,SILVER,Kolkata,2023-02-05,Y
C04651,Amit_4651,SILVER,Ahmedabad,2025-12-29,Y
C04652,Vikram_4652,BRONZE,Ahmedabad,2025-02-07,Y
C04653,Sneha_4653,SILVER,Noida,2023-03-01,Y
C04654,Rahul_4654,BRONZE,Hyderabad,2024-02-20,Y
C04655,Rahul_4655,SILVER,Hyderabad,2023-07-22,Y
C04656,Amit_4656,GOLD,Jaipur,2023-02-24,Y
C04657,Priya_4657,SILVER,Noida,2025-07-05,Y
C04658,Riya_4658,SILVER,Noida,2025-12-28,Y
C04659,Karan_4659,SILVER,Hyderabad,2025-05-16,Y
C04660,Arjun_4660,GOLD,Mumbai,2024-10-10,Y
C04661,Riya_4661,BRONZE,Ahmedabad,2025-10-25,Y
C04662,Karan_4662,SILVER,Jaipur,2026-03-28,Y
C04663,Vikram_4663,GOLD,Noida,2024-08-02,Y
C04664,Vikram_4664,BRONZE,Pune,2024-03-26,Y
C04665,Sneha_4665,BRONZE,Hyderabad,2024-10-02,Y
C04666,Neha_4666,GOLD,Noida,2024-10-05,Y
C04667,Amit_4667,BRONZE,Bangalore,2024-06-07,Y
C04668,Amit_4668,BRONZE,Kolkata,2023-07-09,Y
C04669,Riya_4669,BRONZE,Noida,2025-07-25,Y
C04670,Rahul_4670,BRONZE,Hyderabad,2023-11-04,Y
C04671,Rahul_4671,SILVER,Chennai,2024-04-27,Y
C04672,Amit_4672,SILVER,Jaipur,2023-10-07,Y
C04673,Amit_4673,SILVER,Delhi,2025-08-12,Y
C04674,Neha_4674,SILVER,Mumbai,2025-09-13,Y
C04675,Rahul_4675,BRONZE,Noida,2025-07-31,Y
C04676,Sneha_4676,PLATINUM,Bangalore,2024-01-28,Y
C04677,Sneha_4677,PLATINUM,Jaipur,2024-05-25,Y
C04678,Vikram_4678,SILVER,Bangalore,2023-04-16,Y
C04679,Sneha_4679,BRONZE,Noida,2023-07-13,Y
C04680,Riya_4680,SILVER,Kolkata,2025-10-28,Y
C04681,Priya_4681,GOLD,Pune,2025-03-13,Y
C04682,Neha_4682,SILVER,Delhi,2025-04-22,Y
C04683,Sneha_4683,GOLD,Bangalore,2023-08-20,Y
C04684,Rahul_4684,BRONZE,Bangalore,2024-07-17,Y
C04685,Rahul_4685,BRONZE,Chennai,2026-04-10,Y
C04686,Karan_4686,BRONZE,Mumbai,2024-03-13,Y
C04687,Riya_4687,GOLD,Kolkata,2024-08-29,Y
C04688,Vikram_4688,BRONZE,Mumbai,2025-02-04,Y
C04689,Sneha_4689,BRONZE,Bangalore,2023-02-14,Y
C04690,Sneha_4690,PLATINUM,Delhi,2024-11-23,Y
C04691,Sneha_4691,GOLD,Pune,2026-03-05,Y
C04692,Amit_4692,BRONZE,Chennai,2024-09-01,Y
C04693,Vikram_4693,GOLD,Kolkata,2023-07-23,Y
C04694,Vikram_4694,SILVER,Delhi,2023-08-12,Y
C04695,Anuj_4695,BRONZE,Bangalore,2025-11-03,Y
C04696,Riya_4696,BRONZE,Delhi,2025-02-28,Y
C04697,Amit_4697,BRONZE,Ahmedabad,2024-12-04,Y
C04698,Sneha_4698,BRONZE,Ahmedabad,2026-01-28,Y
C04699,Amit_4699,SILVER,Jaipur,2024-03-01,Y
C04700,Riya_4700,SILVER,Mumbai,2024-12-01,Y
C04701,Karan_4701,GOLD,Hyderabad,2024-10-03,Y
C04702,Amit_4702,BRONZE,Noida,2023-11-11,Y
C04703,Arjun_4703,GOLD,Hyderabad,2023-03-24,Y
C04704,Amit_4704,GOLD,Pune,2023-01-31,Y
C04705,Arjun_4705,BRONZE,Chennai,2024-12-19,Y
C04706,Arjun_4706,SILVER,Jaipur,2024-11-02,Y
C04707,Sneha_4707,BRONZE,Pune,2024-10-02,Y
C04708,Arjun_4708,BRONZE,Ahmedabad,2023-04-14,Y
C04709,Riya_4709,SILVER,Pune,2025-04-01,Y
C04710,Arjun_4710,BRONZE,Jaipur,2023-09-07,Y
C04711,Arjun_4711,SILVER,Ahmedabad,2023-07-16,Y
C04712,Karan_4712,PLATINUM,Kolkata,2023-01-09,Y
C04713,Vikram_4713,GOLD,Mumbai,2025-10-23,Y
C04714,Rahul_4714,SILVER,Chennai,2025-07-08,Y
C04715,Sneha_4715,GOLD,Kolkata,2023-03-20,Y
C04716,Karan_4716,BRONZE,Delhi,2023-01-01,Y
C04717,Rahul_4717,SILVER,Pune,2025-10-22,Y
C04718,Arjun_4718,BRONZE,Chennai,2024-12-19,Y
C04719,Neha_4719,SILVER,Jaipur,2024-07-24,Y
C04720,Sneha_4720,GOLD,Ahmedabad,2023-03-20,Y
C04721,Rahul_4721,BRONZE,Bangalore,2024-05-07,Y
C04722,Neha_4722,BRONZE,Kolkata,2025-07-27,Y
C04723,Vikram_4723,GOLD,Pune,2024-04-16,Y
C04724,Neha_4724,GOLD,Kolkata,2023-09-22,Y
C04725,Arjun_4725,BRONZE,Chennai,2024-10-30,Y
C04726,Rahul_4726,BRONZE,Noida,2023-09-20,Y
C04727,Arjun_4727,BRONZE,Delhi,2025-04-01,Y
C04728,Neha_4728,SILVER,Bangalore,2023-11-22,Y
C04729,Amit_4729,GOLD,Hyderabad,2024-02-12,Y
C04730,Riya_4730,SILVER,Jaipur,2026-02-28,Y
C04731,Sneha_4731,GOLD,Pune,2024-03-20,Y
C04732,Amit_4732,GOLD,Mumbai,2026-03-12,Y
C04733,Vikram_4733,BRONZE,Kolkata,2023-05-27,Y
C04734,Neha_4734,BRONZE,Mumbai,2024-03-15,Y
C04735,Priya_4735,BRONZE,Hyderabad,2025-07-01,Y
C04736,Arjun_4736,SILVER,Bangalore,2025-03-09,Y
C04737,Vikram_4737,BRONZE,Jaipur,2024-05-23,Y
C04738,Riya_4738,SILVER,Ahmedabad,2025-08-24,Y
C04739,Sneha_4739,SILVER,Jaipur,2023-12-05,Y
C04740,Amit_4740,BRONZE,Ahmedabad,2023-01-05,Y
C04741,Rahul_4741,SILVER,Kolkata,2024-07-29,Y
C04742,Priya_4742,GOLD,Hyderabad,2024-02-18,Y
C04743,Anuj_4743,SILVER,Bangalore,2024-09-25,Y
C04744,Arjun_4744,SILVER,Mumbai,2023-08-05,Y
C04745,Riya_4745,BRONZE,Noida,2023-03-24,Y
C04746,Sneha_4746,SILVER,Kolkata,2023-03-30,Y
C04747,Sneha_4747,BRONZE,Bangalore,2024-08-16,Y
C04748,Sneha_4748,GOLD,Hyderabad,2023-08-09,Y
C04749,Amit_4749,SILVER,Mumbai,2024-06-13,Y
C04750,Anuj_4750,BRONZE,Ahmedabad,2023-11-21,Y
C04751,Anuj_4751,SILVER,Delhi,2023-05-15,Y
C04752,Anuj_4752,BRONZE,Ahmedabad,2024-01-13,Y
C04753,Sneha_4753,BRONZE,Delhi,2025-12-28,Y
C04754,Arjun_4754,SILVER,Delhi,2024-05-28,Y
C04755,Anuj_4755,BRONZE,Pune,2024-05-17,Y
C04756,Amit_4756,BRONZE,Chennai,2023-06-11,Y
C04757,Sneha_4757,SILVER,Jaipur,2026-01-24,Y
C04758,Anuj_4758,BRONZE,Mumbai,2023-07-13,Y
C04759,Priya_4759,BRONZE,Kolkata,2024-12-31,Y
C04760,Karan_4760,BRONZE,Bangalore,2024-07-06,Y
C04761,Vikram_4761,BRONZE,Hyderabad,2023-02-09,Y
C04762,Amit_4762,GOLD,Chennai,2025-11-21,Y
C04763,Karan_4763,SILVER,Ahmedabad,2023-01-04,Y
C04764,Priya_4764,GOLD,Jaipur,2024-07-29,Y
C04765,Neha_4765,BRONZE,Mumbai,2023-09-02,Y
C04766,Karan_4766,GOLD,Bangalore,2024-11-14,Y
C04767,Sneha_4767,BRONZE,Jaipur,2025-04-13,Y
C04768,Amit_4768,BRONZE,Bangalore,2023-08-16,Y
C04769,Priya_4769,BRONZE,Noida,2023-10-19,Y
C04770,Amit_4770,BRONZE,Jaipur,2025-09-25,Y
C04771,Riya_4771,GOLD,Ahmedabad,2024-08-12,Y
C04772,Neha_4772,GOLD,Bangalore,2024-08-27,Y
C04773,Amit_4773,GOLD,Jaipur,2024-08-04,Y
C04774,Sneha_4774,BRONZE,Kolkata,2025-11-03,Y
C04775,Amit_4775,PLATINUM,Kolkata,2023-10-06,Y
C04776,Arjun_4776,GOLD,Kolkata,2024-04-12,Y
C04777,Arjun_4777,BRONZE,Noida,2026-02-08,Y
C04778,Sneha_4778,BRONZE,Hyderabad,2023-08-07,Y
C04779,Sneha_4779,SILVER,Jaipur,2026-01-05,Y
C04780,Karan_4780,PLATINUM,Bangalore,2025-10-21,Y
C04781,Riya_4781,PLATINUM,Ahmedabad,2023-08-04,Y
C04782,Arjun_4782,SILVER,Kolkata,2024-06-24,Y
C04783,Riya_4783,BRONZE,Kolkata,2024-01-05,Y
C04784,Karan_4784,SILVER,Pune,2025-10-03,Y
C04785,Rahul_4785,BRONZE,Jaipur,2025-06-20,Y
C04786,Neha_4786,BRONZE,Delhi,2025-09-02,Y
C04787,Amit_4787,SILVER,Mumbai,2025-11-26,Y
C04788,Vikram_4788,SILVER,Noida,2024-01-25,Y
C04789,Riya_4789,BRONZE,Hyderabad,2023-05-28,Y
C04790,Vikram_4790,BRONZE,Kolkata,2025-03-22,Y
C04791,Priya_4791,GOLD,Kolkata,2023-08-28,Y
C04792,Vikram_4792,SILVER,Mumbai,2023-02-09,Y
C04793,Karan_4793,BRONZE,Kolkata,2025-09-15,Y
C04794,Amit_4794,GOLD,Chennai,2024-07-02,Y
C04795,Priya_4795,GOLD,Mumbai,2025-01-16,Y
C04796,Neha_4796,BRONZE,Noida,2024-01-25,Y
C04797,Sneha_4797,GOLD,Delhi,2026-02-13,Y
C04798,Neha_4798,SILVER,Noida,2024-03-19,Y
C04799,Priya_4799,GOLD,Jaipur,2025-02-16,Y
C04800,Anuj_4800,GOLD,Delhi,2024-07-15,Y
C04801,Riya_4801,BRONZE,Pune,2025-06-18,Y
C04802,Arjun_4802,BRONZE,Mumbai,2023-08-05,Y
C04803,Priya_4803,BRONZE,Hyderabad,2023-05-09,Y
C04804,Neha_4804,PLATINUM,Noida,2025-05-05,Y
C04805,Arjun_4805,BRONZE,Chennai,2023-05-14,Y
C04806,Anuj_4806,SILVER,Chennai,2023-08-16,Y
C04807,Sneha_4807,PLATINUM,Kolkata,2023-09-10,Y
C04808,Sneha_4808,BRONZE,Pune,2024-06-28,Y
C04809,Priya_4809,BRONZE,Kolkata,2024-03-26,Y
C04810,Neha_4810,BRONZE,Noida,2024-07-19,Y
C04811,Riya_4811,SILVER,Kolkata,2025-07-30,Y
C04812,Karan_4812,SILVER,Kolkata,2023-04-04,Y
C04813,Vikram_4813,SILVER,Ahmedabad,2023-12-15,Y
C04814,Anuj_4814,BRONZE,Bangalore,2023-10-22,Y
C04815,Sneha_4815,BRONZE,Pune,2025-10-14,Y
C04816,Vikram_4816,GOLD,Hyderabad,2024-03-13,Y
C04817,Karan_4817,SILVER,Kolkata,2024-12-10,Y
C04818,Vikram_4818,BRONZE,Jaipur,2025-07-24,Y
C04819,Amit_4819,BRONZE,Hyderabad,2024-07-28,Y
C04820,Riya_4820,BRONZE,Hyderabad,2024-01-16,Y
C04821,Sneha_4821,BRONZE,Bangalore,2025-02-09,Y
C04822,Vikram_4822,BRONZE,Chennai,2024-10-16,Y
C04823,Priya_4823,GOLD,Ahmedabad,2023-05-29,Y
C04824,Rahul_4824,GOLD,Pune,2026-02-27,Y
C04825,Anuj_4825,SILVER,Mumbai,2024-10-09,Y
C04826,Vikram_4826,BRONZE,Noida,2024-04-26,Y
C04827,Amit_4827,SILVER,Ahmedabad,2025-12-29,Y
C04828,Rahul_4828,BRONZE,Chennai,2025-06-07,Y
C04829,Neha_4829,GOLD,Pune,2023-10-26,Y
C04830,Karan_4830,BRONZE,Delhi,2026-03-02,Y
C04831,Vikram_4831,SILVER,Ahmedabad,2025-06-05,Y
C04832,Arjun_4832,SILVER,Jaipur,2023-12-22,Y
C04833,Arjun_4833,SILVER,Kolkata,2024-08-10,Y
C04834,Anuj_4834,PLATINUM,Hyderabad,2023-04-18,Y
C04835,Sneha_4835,SILVER,Delhi,2024-12-30,Y
C04836,Riya_4836,SILVER,Hyderabad,2024-10-09,Y
C04837,Vikram_4837,BRONZE,Ahmedabad,2025-11-19,Y
C04838,Priya_4838,BRONZE,Delhi,2023-06-02,Y
C04839,Amit_4839,BRONZE,Ahmedabad,2025-11-23,Y
C04840,Riya_4840,SILVER,Pune,2023-12-21,Y
C04841,Karan_4841,GOLD,Jaipur,2025-02-02,Y
C04842,Vikram_4842,BRONZE,Noida,2025-04-09,Y
C04843,Vikram_4843,BRONZE,Jaipur,2023-07-03,Y
C04844,Rahul_4844,SILVER,Hyderabad,2026-01-29,Y
C04845,Riya_4845,GOLD,Noida,2023-08-27,Y
C04846,Sneha_4846,SILVER,Bangalore,2025-02-10,Y
C04847,Riya_4847,GOLD,Kolkata,2025-01-09,Y
C04848,Neha_4848,SILVER,Pune,2025-01-21,Y
C04849,Vikram_4849,BRONZE,Noida,2024-09-20,Y
C04850,Neha_4850,BRONZE,Pune,2024-08-21,Y
C04851,Neha_4851,SILVER,Hyderabad,2024-03-18,Y
C04852,Anuj_4852,GOLD,Chennai,2023-09-11,Y
C04853,Sneha_4853,GOLD,Kolkata,2025-12-03,N
C04854,Rahul_4854,BRONZE,Mumbai,2024-04-25,Y
C04855,Vikram_4855,GOLD,Pune,2025-06-13,Y
C04856,Sneha_4856,BRONZE,Mumbai,2023-07-13,Y
C04857,Rahul_4857,SILVER,Noida,2023-10-04,Y
C04858,Neha_4858,SILVER,Kolkata,2024-09-26,Y
C04859,Neha_4859,SILVER,Noida,2023-01-14,Y
C04860,Riya_4860,SILVER,Hyderabad,2023-06-26,Y
C04861,Neha_4861,GOLD,Delhi,2025-09-26,Y
C04862,Priya_4862,BRONZE,Chennai,2025-09-05,Y
C04863,Amit_4863,BRONZE,Jaipur,2024-01-02,Y
C04864,Sneha_4864,BRONZE,Hyderabad,2024-04-17,Y
C04865,Amit_4865,GOLD,Ahmedabad,2023-12-23,Y
C04866,Neha_4866,SILVER,Jaipur,2025-07-25,Y
C04867,Riya_4867,SILVER,Chennai,2025-11-22,Y
C04868,Amit_4868,SILVER,Ahmedabad,2025-10-02,Y
C04869,Vikram_4869,BRONZE,Jaipur,2025-01-09,Y
C04870,Vikram_4870,GOLD,Mumbai,2026-02-01,Y
C04871,Priya_4871,BRONZE,Noida,2023-09-13,Y
C04872,Rahul_4872,SILVER,Delhi,2023-09-03,Y
C04873,Sneha_4873,SILVER,Kolkata,2024-05-16,Y
C04874,Karan_4874,BRONZE,Ahmedabad,2025-10-01,Y
C04875,Riya_4875,BRONZE,Kolkata,2025-10-11,Y
C04876,Amit_4876,BRONZE,Noida,2024-06-17,Y
C04877,Arjun_4877,BRONZE,Jaipur,2024-11-21,Y
C04878,Amit_4878,SILVER,Kolkata,2023-05-13,Y
C04879,Riya_4879,GOLD,Mumbai,2025-05-26,Y
C04880,Karan_4880,GOLD,Ahmedabad,2023-04-03,Y
C04881,Vikram_4881,BRONZE,Hyderabad,2025-06-06,Y
C04882,Priya_4882,GOLD,Chennai,2025-05-06,Y
C04883,Priya_4883,GOLD,Mumbai,2025-03-19,Y
C04884,Arjun_4884,SILVER,Jaipur,2024-07-02,Y
C04885,Rahul_4885,BRONZE,Chennai,2024-03-12,Y
C04886,Anuj_4886,SILVER,Chennai,2023-02-24,Y
C04887,Neha_4887,PLATINUM,Delhi,2026-03-16,Y
C04888,Arjun_4888,SILVER,Bangalore,2024-10-08,Y
C04889,Riya_4889,GOLD,Mumbai,2025-01-15,Y
C04890,Anuj_4890,GOLD,Delhi,2024-08-25,Y
C04891,Priya_4891,BRONZE,Delhi,2023-06-10,Y
C04892,Rahul_4892,BRONZE,Noida,2026-03-22,Y
C04893,Anuj_4893,SILVER,Bangalore,2024-09-10,Y
C04894,Rahul_4894,GOLD,Mumbai,2024-06-03,Y
C04895,Vikram_4895,BRONZE,Bangalore,2023-08-19,Y
C04896,Neha_4896,BRONZE,Bangalore,2023-07-16,Y
C04897,Sneha_4897,GOLD,Mumbai,2023-05-01,Y
C04898,Rahul_4898,SILVER,Pune,2023-03-08,Y
C04899,Anuj_4899,SILVER,Pune,2025-06-08,Y
C04900,Sneha_4900,BRONZE,Bangalore,2023-11-03,Y
C04901,Priya_4901,SILVER,Pune,2024-02-18,Y
C04902,Priya_4902,GOLD,Hyderabad,2025-03-15,Y
C04903,Vikram_4903,BRONZE,Hyderabad,2023-09-12,Y
C04904,Riya_4904,BRONZE,Mumbai,2023-08-31,Y
C04905,Vikram_4905,BRONZE,Ahmedabad,2025-12-03,Y
C04906,Rahul_4906,BRONZE,Noida,2024-01-20,Y
C04907,Neha_4907,BRONZE,Pune,2024-06-10,Y
C04908,Sneha_4908,SILVER,Bangalore,2024-08-06,Y
C04909,Rahul_4909,BRONZE,Pune,2024-05-16,Y
C04910,Karan_4910,BRONZE,Ahmedabad,2023-01-15,Y
C04911,Anuj_4911,BRONZE,Delhi,2025-06-24,Y
C04912,Priya_4912,BRONZE,Jaipur,2026-01-14,Y
C04913,Rahul_4913,SILVER,Chennai,2025-11-23,Y
C04914,Amit_4914,BRONZE,Ahmedabad,2024-03-06,Y
C04915,Riya_4915,BRONZE,Hyderabad,2025-10-13,Y
C04916,Anuj_4916,BRONZE,Mumbai,2024-03-12,Y
C04917,Neha_4917,SILVER,Delhi,2023-12-31,Y
C04918,Karan_4918,BRONZE,Bangalore,2026-03-10,Y
C04919,Karan_4919,BRONZE,Kolkata,2023-01-21,Y
C04920,Priya_4920,BRONZE,Delhi,2023-12-12,Y
C04921,Vikram_4921,PLATINUM,Pune,2026-02-19,Y
C04922,Vikram_4922,PLATINUM,Ahmedabad,2025-01-11,Y
C04923,Karan_4923,GOLD,Noida,2025-09-12,Y
C04924,Anuj_4924,BRONZE,Ahmedabad,2024-02-29,Y
C04925,Riya_4925,BRONZE,Bangalore,2023-03-17,Y
C04926,Vikram_4926,BRONZE,Noida,2026-04-01,Y
C04927,Neha_4927,SILVER,Jaipur,2024-02-11,Y
C04928,Arjun_4928,GOLD,Mumbai,2024-04-08,Y
C04929,Neha_4929,SILVER,Bangalore,2023-07-20,Y
C04930,Vikram_4930,BRONZE,Bangalore,2026-04-05,Y
C04931,Amit_4931,BRONZE,Chennai,2025-02-01,Y
C04932,Riya_4932,SILVER,Jaipur,2026-02-15,Y
C04933,Arjun_4933,SILVER,Ahmedabad,2025-07-27,Y
C04934,Amit_4934,BRONZE,Pune,2023-12-30,Y
C04935,Amit_4935,BRONZE,Noida,2025-09-02,Y
C04936,Rahul_4936,BRONZE,Noida,2025-12-24,Y
C04937,Arjun_4937,BRONZE,Noida,2024-08-23,Y
C04938,Priya_4938,SILVER,Pune,2023-03-14,Y
C04939,Riya_4939,BRONZE,Mumbai,2025-07-26,Y
C04940,Arjun_4940,SILVER,Chennai,2024-04-29,Y
C04941,Sneha_4941,SILVER,Hyderabad,2025-09-25,Y
C04942,Amit_4942,BRONZE,Bangalore,2024-01-19,Y
C04943,Riya_4943,BRONZE,Noida,2026-03-14,Y
C04944,Sneha_4944,BRONZE,Ahmedabad,2023-09-12,Y
C04945,Priya_4945,SILVER,Delhi,2026-01-30,Y
C04946,Sneha_4946,BRONZE,Delhi,2025-03-27,Y
C04947,Karan_4947,BRONZE,Ahmedabad,2023-07-28,Y
C04948,Rahul_4948,BRONZE,Mumbai,2025-10-08,Y
C04949,Anuj_4949,SILVER,Noida,2024-11-26,Y
C04950,Vikram_4950,BRONZE,Mumbai,2024-09-16,Y
C04951,Rahul_4951,SILVER,Pune,2025-03-24,Y
C04952,Amit_4952,BRONZE,Jaipur,2024-04-05,Y
C04953,Sneha_4953,GOLD,Noida,2025-06-17,Y
C04954,Arjun_4954,GOLD,Chennai,2025-01-27,Y
C04955,Karan_4955,SILVER,Pune,2024-11-05,Y
C04956,Arjun_4956,GOLD,Pune,2023-11-22,Y
C04957,Amit_4957,SILVER,Mumbai,2026-01-24,Y
C04958,Vikram_4958,BRONZE,Chennai,2026-02-19,Y
C04959,Rahul_4959,BRONZE,Delhi,2025-02-13,Y
C04960,Vikram_4960,BRONZE,Jaipur,2023-03-07,Y
C04961,Karan_4961,BRONZE,Mumbai,2024-07-23,Y
C04962,Anuj_4962,BRONZE,Delhi,2026-01-15,Y
C04963,Neha_4963,SILVER,Pune,2025-02-16,Y
C04964,Rahul_4964,SILVER,Bangalore,2023-05-11,Y
C04965,Riya_4965,BRONZE,Mumbai,2023-10-27,Y
C04966,Vikram_4966,GOLD,Mumbai,2024-06-08,Y
C04967,Priya_4967,BRONZE,Jaipur,2026-02-23,Y
C04968,Riya_4968,BRONZE,Noida,2026-01-27,Y
C04969,Arjun_4969,BRONZE,Pune,2024-04-12,Y
C04970,Vikram_4970,BRONZE,Noida,2025-09-30,Y
C04971,Karan_4971,BRONZE,Delhi,2024-02-22,Y
C04972,Neha_4972,BRONZE,Ahmedabad,2023-11-15,Y
C04973,Riya_4973,SILVER,Jaipur,2024-01-13,Y
C04974,Rahul_4974,SILVER,Mumbai,2023-05-16,Y
C04975,Amit_4975,SILVER,Kolkata,2025-01-02,Y
C04976,Sneha_4976,PLATINUM,Delhi,2023-08-21,Y
C04977,Rahul_4977,SILVER,Chennai,2023-01-22,Y
C04978,Amit_4978,SILVER,Chennai,2023-07-12,Y
C04979,Karan_4979,BRONZE,Pune,2024-11-21,Y
C04980,Sneha_4980,SILVER,Bangalore,2023-04-13,Y
C04981,Sneha_4981,SILVER,Pune,2024-03-13,Y
C04982,Rahul_4982,PLATINUM,Chennai,2023-07-27,Y
C04983,Anuj_4983,SILVER,Kolkata,2023-01-03,Y
C04984,Arjun_4984,BRONZE,Noida,2023-10-25,Y
C04985,Anuj_4985,SILVER,Hyderabad,2024-03-11,Y
C04986,Anuj_4986,SILVER,Bangalore,2024-04-14,Y
C04987,Anuj_4987,PLATINUM,Ahmedabad,2025-03-06,Y
C04988,Vikram_4988,SILVER,Ahmedabad,2025-11-21,Y
C04989,Neha_4989,BRONZE,Bangalore,2024-02-19,Y
C04990,Neha_4990,BRONZE,Kolkata,2023-01-31,Y
C04991,Priya_4991,GOLD,Ahmedabad,2024-07-06,Y
C04992,Anuj_4992,BRONZE,Noida,2023-09-20,Y
C04993,Priya_4993,SILVER,Jaipur,2023-10-02,Y
C04994,Riya_4994,BRONZE,Chennai,2023-01-11,Y
C04995,Neha_4995,BRONZE,Bangalore,2025-01-13,Y
C04996,Anuj_4996,BRONZE,Kolkata,2025-09-27,Y
C04997,Karan_4997,GOLD,Mumbai,2024-09-19,Y
C04998,Karan_4998,BRONZE,Mumbai,2025-10-14,Y
C04999,Arjun_4999,BRONZE,Pune,2023-01-24,Y
C05000,Riya_5000,SILVER,Pune,2023-12-01,Y
